Time,Tt_actual,wt_actual,Ts_actual,Tt_ref,wt_ref,fa_dot,fw_dot,u3
0,27.889412266160047,0.0069997458468616,14.174444612049797,23.0,0.008,0.0,0.0,0.0
1,27.889412266160047,0.0069997458468616,14.174444612049797,23.0,0.008,0.0,0.0,0.0
2,27.889412266160047,0.0069997458468616,14.174444612049797,23.074968753906017,0.0080124986979573,0.0,0.0,0.0
3,27.889412266160047,0.0069997458468616,14.174444612049797,23.149750124970243,0.0080249895846353,0.0,0.0,0.0
4,27.889412266160047,0.0069997458468616,14.174444612049797,23.2241571987104,0.0080374648536363,0.0,0.0,0.0
5,27.889412266160047,0.0069997458468616,14.174444612049797,23.29800399619259,0.0080499167083234,0.0,0.0,0.0
6,27.889412266160047,0.0069997458468616,14.174444612049797,23.371105938881783,0.0080623373666926,0.0,0.0,0.0
7,27.889412266160047,0.0069997458468616,14.174444612049797,23.44328030999201,0.0080747190662368,0.0,0.0,0.0
8,27.889412266160047,0.0069997458468616,14.174444612049797,23.514346711183176,0.0080870540687967,0.0,0.0,0.0
9,27.889412266160047,0.0069997458468616,14.174444612049797,23.58412751346297,0.0080993346653975,0.0,0.0,0.0
10,27.889412266160047,0.0069997458468616,14.174444612049797,23.65244830116685,0.0081115531810658,0.0,0.0,0.0
11,27.889412266160047,0.0069997458468616,14.174444612049797,23.719138307906302,0.0081237019796272,0.0,0.0,0.0
12,27.889412266160047,0.0069997458468616,14.174444612049797,23.78403084339599,0.008135773468478,0.0,0.0,0.0
13,27.889412266160047,0.0069997458468616,14.174444612049797,23.846963710092552,0.0081477601033306,0.0,0.0,0.0
14,27.889412266160047,0.0069997458468616,14.174444612049797,23.90777960860406,0.0081596543929285,0.0,0.0,0.0
15,27.889412266160047,0.0069997458468616,14.174444612049797,23.966326530856534,0.0081714489037277,0.0,0.0,0.0
16,27.889412266160047,0.0069997458468616,14.174444612049797,24.022458140035003,0.008183136264543,0.0,0.0,0.0
17,27.889412266160047,0.0069997458468616,14.174444612049797,24.07603413634929,0.0081947091711543,0.0,0.0,0.0
18,27.889412266160047,0.0069997458468616,14.174444612049797,24.12692060771044,0.0082061603908717,0.0,0.0,0.0
19,27.889412266160047,0.0069997458468616,14.174444612049797,24.174990364441225,0.0082174827670556,0.0,0.0,0.0
20,27.889412266160047,0.0069997458468616,14.174444612049797,24.22012325718406,0.0082286692235894,0.0,0.0,0.0
21,27.889412266160047,0.0069997458468616,14.174444612049797,24.262206477211844,0.0082397127693021,0.0,0.0,0.0
22,27.889412266160047,0.0069997458468616,14.174444612049797,24.301134838391025,0.0082506065023368,0.0,0.0,0.0
23,27.889412266160047,0.0069997458468616,14.174444612049797,24.336811040092154,0.0082613436144653,0.0,0.0,0.0
24,27.889412266160047,0.0069997458468616,14.174444612049797,24.36914591039078,0.0082719173953418,0.0,0.0,0.0
25,27.889412266160047,0.0069997458468616,14.174444612049797,24.39805862895084,0.0082823212366975,0.0,0.0,0.0
26,27.889412266160047,0.0069997458468616,14.174444612049797,24.42347692903338,0.0082925486364702,0.0,0.0,0.0
27,27.889412266160047,0.0069997458468616,14.174444612049797,24.44533727812579,0.008302593202868,0.0,0.0,0.0
28,27.889412266160047,0.0069997458468616,14.174444612049797,24.46358503673999,0.0083124486583638,0.0,0.0,0.0
29,27.889412266160047,0.0069997458468616,14.174444612049797,24.47817459498269,0.0083221088436188,0.0,0.0,0.0
30,27.889412266160047,0.0069997458468616,14.174444612049797,24.48906948655638,0.0083315677213316,0.0,0.0,0.0
31,27.889412266160047,0.0069997458468616,14.174444612049797,24.49624247990608,0.0083408193800116,0.0,0.0,0.0
32,27.889412266160047,0.0069997458468616,14.174444612049797,24.49967564628404,0.0083498580376733,0.0,0.0,0.0
33,27.889412266160047,0.0069997458468616,14.174444612049797,24.499360404562257,0.0083586780454497,0.0,0.0,0.0
34,27.889412266160047,0.0069997458468616,14.174444612049797,24.49529754268088,0.0083672738911232,0.0,0.0,0.0
35,27.889412266160047,0.0069997458468616,14.174444612049797,24.4874972156787,0.0083756402025701,0.0,0.0,0.0
36,27.889412266160047,0.0069997458468616,14.174444612049797,24.475978920310904,0.008383771751118,0.0,0.0,0.0
37,27.889412266160047,0.0069997458468616,14.174444612049797,24.46077144631729,0.0083916634548137,0.0,0.0,0.0
38,27.889412266160047,0.0069997458468616,14.174444612049797,24.44191280446295,0.0083993103815994,0.0,0.0,0.0
39,27.889412266160047,0.0069997458468616,14.174444612049797,24.41945013153112,0.0084067077523946,0.0,0.0,0.0
40,27.889412266160047,0.0069997458468616,14.174444612049797,24.393439572505805,0.0084138509440836,0.0,0.0,0.0
41,27.889412266160047,0.0069997458468616,14.174444612049797,24.36394614023852,0.0084207354924039,0.0,0.0,0.0
42,27.889412266160047,0.0069997458468616,14.174444612049797,24.331043552950064,0.008427357094737,0.0,0.0,0.0
43,27.889412266160047,0.0069997458468616,14.174444612049797,24.29481404997331,0.008433711612797,0.0,0.0,0.0
44,27.889412266160047,0.0069997458468616,14.174444612049797,24.255348186197747,0.0084397950752168,0.0,0.0,0.0
45,27.889412266160047,0.0069997458468616,14.174444612049797,24.212744605729384,0.0084456036800307,0.0,0.0,0.0
46,27.889412266160047,0.0069997458468616,14.174444612049797,24.16710979533188,0.0084511337970495,0.0,0.0,0.0
47,27.889412266160047,0.0069997458468616,14.174444612049797,24.11855781826508,0.0084563819701302,0.0,0.0,0.0
48,27.889412266160047,0.0069997458468616,14.174444612049797,24.067210029186267,0.0084613449193355,0.0,0.0,0.0
49,27.889412266160047,0.0069997458468616,14.174444612049797,24.013194770826725,0.0084660195429836,0.0,0.0,0.0
50,27.889412266160047,0.0069997458468616,14.174444612049797,23.95664705320176,0.0084704029195869,0.0,0.0,0.0
51,27.889412266160047,0.0069997458468616,14.174444612049797,23.897708216155934,0.0084744923096777,0.0,0.0,0.0
52,27.889412266160047,0.0069997458468616,14.174444612049797,23.836525576087126,0.0084782851575204,0.0,0.0,0.0
53,27.889412266160047,0.0069997458468616,14.174444612049797,23.7732520577322,0.0084817790927085,0.0,0.0,0.0
54,27.889412266160047,0.0069997458468616,14.174444612049797,23.708045811934824,0.0084849719316463,0.0,0.0,0.0
55,27.889412266160047,0.0069997458468616,14.174444612049797,23.641069820350744,0.0084878616789133,0.0,0.0,0.0
56,27.889412266160047,0.0069997458468616,14.174444612049797,23.572491488078494,0.0084904465285115,0.0,0.0,0.0
57,27.889412266160047,0.0069997458468616,14.174444612049797,23.50248222523385,0.0084927248649942,0.0,0.0,0.0
58,27.889412266160047,0.0069997458468616,14.174444612049797,23.431217018513816,0.0084946952644751,0.0,0.0,0.0
59,27.889412266160047,0.0069997458468616,14.174444612049797,23.35887399382097,0.0084963564955187,0.0,0.0,0.0
60,27.889412266160047,0.0069997458468616,14.174444612049797,23.28563397104154,0.0084977075199098,0.0,0.0,0.0
61,27.889412266160047,0.0069997458468616,14.174444612049797,23.2116800120898,0.008498747493302,0.0,0.0,0.0
62,27.889412266160047,0.0069997458468616,14.174444612049797,23.137196963348654,0.0084994757657458,0.0,0.0,0.0
63,27.889412266160047,0.0069997458468616,14.174444612049797,23.06237099364993,0.0084998918820946,0.0,0.0,0.0
64,27.889412266160047,0.0069997458468616,14.174444612049797,22.987389128949275,0.0084999955822894,0.0,0.0,0.0
65,27.889412266160047,0.0069997458468616,14.174444612049797,22.91243878485863,0.0084997868015207,0.0,0.0,0.0
66,27.889412266160047,0.0069997458468616,14.174444612049797,22.83770729820484,0.0084992656702699,0.0,0.0,0.0
67,27.889412266160047,0.0069997458468616,14.174444612049797,22.76338145878513,0.0084984325142269,0.0,0.0,0.0
68,27.889412266160047,0.0069997458468616,14.174444612049797,22.689647042489906,0.0084972878540872,0.0,0.0,0.0
69,27.889412266160047,0.0069997458468616,14.174444612049797,22.61668834695975,0.0084958324052262,0.0,0.0,0.0
70,27.889412266160047,0.0069997458468616,14.174444612049797,22.544687730937355,0.0084940670772519,0.0,0.0,0.0
71,27.889412266160047,0.0069997458468616,14.174444612049797,22.47382515846557,0.0084919929734369,0.0,0.0,0.0
72,27.889412266160047,0.0069997458468616,14.174444612049797,22.40427774907106,0.0084896113900286,0.0,0.0,0.0
73,27.889412266160047,0.0069997458468616,14.174444612049797,22.33621933505772,0.008486923815439,0.0,0.0,0.0
74,27.889412266160047,0.0069997458468616,14.174444612049797,22.26982002701645,0.0084839319293149,0.0,0.0,0.0
75,27.889412266160047,0.0069997458468616,14.174444612049797,22.20524578863726,0.0084806376014876,0.0,0.0,0.0
76,27.889412266160047,0.0069997458468616,14.174444612049797,22.142658021886483,0.0084770428908048,0.0,0.0,0.0
77,27.889412266160047,0.0069997458468616,14.174444612049797,22.08221316358592,0.0084731500438437,0.0,0.0,0.0
78,27.889412266160047,0.0069997458468616,14.174444612049797,22.02406229440225,0.0084689614935068,0.0,0.0,0.0
79,27.889412266160047,0.0069997458468616,14.174444612049797,21.96835076122404,0.0084644798575019,0.0,0.0,0.0
80,27.889412266160047,0.0069997458468616,14.174444612049797,21.915217813870232,0.0084597079367055,0.0,0.0,0.0
81,27.889412266160047,0.0069997458468616,14.174444612049797,21.86479625703811,0.0084546487134128,0.0,0.0,0.0
82,27.889412266160047,0.0069997458468616,14.174444612049797,21.817212118360708,0.0084493053494737,0.0,0.0,0.0
83,27.889412266160047,0.0069997458468616,14.174444612049797,21.772584333403383,0.0084436811843166,0.0,0.0,0.0
84,27.889412266160047,0.0069997458468616,14.174444612049797,21.73102444838683,0.0084377797328619,0.0,0.0,0.0
85,27.889412266160047,0.0069997458468616,14.174444612049797,21.692636341379615,0.0084316046833244,0.0,0.0,0.0
86,27.889412266160047,0.0069997458468616,14.174444612049797,21.65751596265713,0.0084251598949092,0.0,0.0,0.0
87,27.889412266160047,0.0069997458468616,14.174444612049797,21.625751094875817,0.0084184493953992,0.0,0.0,0.0
88,27.889412266160047,0.0069997458468616,14.174444612049797,21.597421133662326,0.0084114773786382,0.0,0.0,0.0
89,27.889412266160047,0.0069997458468616,14.174444612049797,21.572596889165727,0.0084042482019097,0.0,0.0,0.0
90,27.889412266160047,0.0069997458468616,14.174444612049797,21.55134040906904,0.0083967663832139,0.0,0.0,0.0
91,27.889412266160047,0.0069997458468616,14.174444612049797,21.533704823502354,0.0083890365984439,0.0,0.0,0.0
92,27.889412266160047,0.0069997458468616,14.174444612049797,21.519734212245144,0.0083810636784636,0.0,0.0,0.0
93,27.889412266160047,0.0069997458468616,14.174444612049797,21.5094634945498,0.0083728526060883,0.0,0.0,0.0
94,27.889412266160047,0.0069997458468616,14.174444612049797,21.50291834186168,0.0083644085129711,0.0,0.0,0.0
95,27.889412266160047,0.0069997458468616,14.174444612049797,21.500115113653848,0.0083557366763954,0.0,0.0,0.0
96,27.889412266160047,0.0069997458468616,14.174444612049797,21.50106081653693,0.0083468425159766,0.0,0.0,0.0
97,27.889412266160047,0.0069997458468616,14.174444612049797,21.50575308674624,0.0083377315902755,0.0,0.0,0.0
98,27.889412266160047,0.0069997458468616,14.174444612049797,21.51418019604993,0.0083284095933242,0.0,0.0,0.0
99,27.889412266160047,0.0069997458468616,14.174444612049797,21.5263210810635,0.0083188823510672,0.0,0.0,0.0
100,27.889412266160047,0.0069997458468616,14.174444612049797,21.54214539589727,0.0083091558177209,0.0,0.0,0.0
101,27.889412266160047,0.0069997458468616,14.174444612049797,21.561613588005294,0.0082992360720519,0.0,0.0,0.0
102,27.889412266160047,0.0069997458468616,14.174444612049797,21.58467699704614,0.0082891293135785,0.0,0.0,0.0
103,27.889412266160047,0.0069997458468616,14.174444612049797,21.6112779765084,0.0082788418586957,0.0,0.0,0.0
104,27.889412266160047,0.0069997458468616,14.174444612049797,21.641350037796943,0.0082683801367278,0.0,0.0,0.0
105,27.889412266160047,0.0069997458468616,14.174444612049797,21.67481801641977,0.0082577506859107,0.0,0.0,0.0
106,27.889412266160047,0.0069997458468616,14.174444612049797,21.71159825986011,0.008246960149305,0.0,0.0,0.0
107,27.889412266160047,0.0069997458468616,14.174444612049797,21.751598836664147,0.0082360152706449,0.0,0.0,0.0
108,27.889412266160047,0.0069997458468616,14.174444612049797,21.794719766221768,0.0082249228901233,0.0,0.0,0.0
109,27.889412266160047,0.0069997458468616,14.174444612049797,21.84085326866602,0.0082136899401169,0.0,0.0,0.0
110,27.889412266160047,0.0069997458468616,14.174444612049797,21.889884034266657,0.0082023234408538,0.0,0.0,0.0
111,27.889412266160047,0.0069997458468616,14.174444612049797,21.94168951164441,0.0081908304960261,0.0,0.0,0.0
112,27.889412266160047,0.0069997458468616,14.174444612049797,21.996140214085607,0.0081792182883502,0.0,0.0,0.0
113,27.889412266160047,0.0069997458468616,14.174444612049797,22.05310004319152,0.0081674940750779,0.0,0.0,0.0
114,27.889412266160047,0.0069997458468616,14.174444612049797,22.112426629053488,0.0081556651834608,0.0,0.0,0.0
115,27.889412266160047,0.0069997458468616,14.174444612049797,22.173971686103545,0.0081437390061712,0.0,0.0,0.0
116,27.889412266160047,0.0069997458468616,14.174444612049797,22.237581383751117,0.0081317229966817,0.0,0.0,0.0
117,27.889412266160047,0.0069997458468616,14.174444612049797,22.303096730879364,0.0081196246646069,0.0,0.0,0.0
118,27.889412266160047,0.0069997458468616,14.174444612049797,22.370353973240213,0.0081074515710108,0.0,0.0,0.0
119,27.889412266160047,0.0069997458468616,14.174444612049797,22.439185002754645,0.0080952113236805,0.0,0.0,0.0
120,27.889412266160047,0.0069997458468616,14.174444612049797,22.50941777769539,0.0080829115723721,0.0,0.0,0.0
121,27.889412266160047,0.0069997458468616,14.174444612049797,22.580876752701613,0.0080705600040299,0.0,0.0,0.0
122,27.889412266160047,0.0069997458468616,14.174444612049797,22.65338331755091,0.008058164337982,0.0,0.0,0.0
123,27.889412266160047,0.0069997458468616,14.174444612049797,22.726756243591858,0.0080457323211162,0.0,0.0,0.0
124,27.889412266160047,0.0069997458468616,14.174444612049797,22.800812136721223,0.0080332717230383,0.0,0.0,0.0
125,27.889412266160047,0.0069997458468616,14.174444612049797,22.875365895773754,0.0080207903312166,0.0,0.0,0.0
126,27.889412266160047,0.0069997458468616,14.174444612049797,22.950231175178665,0.0080082959461146,0.0,0.0,0.0
127,27.889412266160047,0.0069997458468616,14.174444612049797,23.025220850726527,0.0079957963763164,0.0,0.0,0.0
128,27.889412266160047,0.0069997458468616,14.174444612049797,23.10014748728233,0.0079832994336461,0.0,0.0,0.0
129,27.889412266160047,0.0069997458468616,14.174444612049797,23.17482380727574,0.0079708129282862,0.0,0.0,0.0
130,27.889412266160047,0.0069997458468616,14.174444612049797,23.24906315879744,0.007958344663896,0.0,0.0,0.0
131,27.889412266160047,0.0069997458468616,14.174444612049797,23.322679982131724,0.0079459024327349,0.0,0.0,0.0
132,27.889412266160047,0.0069997458468616,14.174444612049797,23.39549027355917,0.0079334940107924,0.0,0.0,0.0
133,27.889412266160047,0.0069997458468616,14.174444612049797,23.467312045270067,0.0079211271529283,0.0,0.0,0.0
134,27.889412266160047,0.0069997458468616,14.174444612049797,23.5379657802392,0.0079088095880262,0.0,0.0,0.0
135,27.889412266160047,0.0069997458468616,14.174444612049797,23.607274880924894,0.0078965490141633,0.0,0.0,0.0
136,27.889412266160047,0.0069997458468616,14.174444612049797,23.67506611067093,0.0078843530937989,0.0,0.0,0.0
137,27.889412266160047,0.0069997458468616,14.174444612049797,23.741170026707916,0.0078722294489865,0.0,0.0,0.0
138,27.889412266160047,0.0069997458468616,14.174444612049797,23.805421403672018,0.0078601856566094,0.0,0.0,0.0
139,27.889412266160047,0.0069997458468616,14.174444612049797,23.8676596465823,0.0078482292436457,0.0,0.0,0.0
140,27.889412266160047,0.0069997458468616,14.174444612049797,23.92772919224453,0.0078363676824644,0.0,0.0,0.0
141,27.889412266160047,0.0069997458468616,14.174444612049797,23.985479898078182,0.0078246083861551,0.0,0.0,0.0
142,27.889412266160047,0.0069997458468616,14.174444612049797,24.040767417394648,0.0078129587038953,0.0,0.0,0.0
143,27.889412266160047,0.0069997458468616,14.174444612049797,24.093453560188813,0.007801425916357,0.0,0.0,0.0
144,27.889412266160047,0.0069997458468616,14.174444612049797,24.14340663854212,0.0077900172311571,0.0,0.0,0.0
145,27.889412266160047,0.0069997458468616,14.174444612049797,24.19050179577373,0.0077787397783525,0.0,0.0,0.0
146,27.889412266160047,0.0069997458468616,14.174444612049797,24.23462131851726,0.0077676006059841,0.0,0.0,0.0
147,27.889412266160047,0.0069997458468616,14.174444612049797,24.27565493094285,0.0077566066756721,0.0,0.0,0.0
148,27.889412266160047,0.0069997458468616,14.174444612049797,24.313500070389324,0.007745764858265,0.0,0.0,0.0
149,27.889412266160047,0.0069997458468616,14.174444612049797,24.34806214371744,0.0077350819295457,0.0,0.0,0.0
150,27.889412266160047,0.0069997458468616,14.174444612049797,24.379254763743457,0.007724564565997,0.0,0.0,0.0
151,27.889412266160047,0.0069997458468616,14.174444612049797,24.406999965162107,0.0077142193406288,0.0,0.0,0.0
152,27.889412266160047,0.0069997458468616,14.174444612049797,24.431228399419272,0.0077040527188701,0.0,0.0,0.0
153,27.889412266160047,0.0069997458468616,14.174444612049797,24.45187950804723,0.0076940710545286,0.0,0.0,0.0
154,27.889412266160047,0.0069997458468616,14.174444612049797,24.4689016740293,0.0076842805858196,0.0,0.0,0.0
155,27.889412266160047,0.0069997458468616,14.174444612049797,24.4822523508155,0.0076746874314674,0.0,0.0,0.0
156,27.889412266160047,0.0069997458468616,14.174444612049797,24.491898168666765,0.0076652975868811,0.0,0.0,0.0
157,27.889412266160047,0.0069997458468616,14.174444612049797,24.497815018061907,0.007656116920408,0.0,0.0,0.0
158,27.889412266160047,0.0069997458468616,14.174444612049797,24.49998810995888,0.0076471511696657,0.0,0.0,0.0
159,27.889412266160047,0.0069997458468616,14.174444612049797,24.49841201275966,0.0076384059379567,0.0,0.0,0.0
160,27.889412266160047,0.0069997458468616,14.174444612049797,24.49309066588643,0.0076298866907661,0.0,0.0,0.0
161,27.889412266160047,0.0069997458468616,14.174444612049797,24.484037369935077,0.007621598752346,0.0,0.0,0.0
162,27.889412266160047,0.0069997458468616,14.174444612049797,24.4712747534306,0.0076135473023882,0.0,0.0,0.0
163,27.889412266160047,0.0069997458468616,14.174444612049797,24.45483471626763,0.0076057373727869,0.0,0.0,0.0
164,27.889412266160047,0.0069997458468616,14.174444612049797,24.434758349977265,0.0075981738444937,0.0,0.0,0.0
165,27.889412266160047,0.0069997458468616,14.174444612049797,24.41109583501966,0.0075908614444677,0.0,0.0,0.0
166,27.889412266160047,0.0069997458468616,14.174444612049797,24.38390631535901,0.007583804742721,0.0,0.0,0.0
167,27.889412266160047,0.0069997458468616,14.174444612049797,24.35325775063444,0.0075770081494622,0.0,0.0,0.0
168,27.889412266160047,0.0069997458468616,14.174444612049797,24.319226746296295,0.0075704759123411,0.0,0.0,0.0
169,27.889412266160047,0.0069997458468616,14.174444612049797,24.28189836213242,0.0075642121137932,0.0,0.0,0.0
170,27.889412266160047,0.0069997458468616,14.174444612049797,24.241365899662974,0.0075582206684886,0.0,0.0,0.0
171,27.889412266160047,0.0069997458468616,14.174444612049797,24.19773066893524,0.0075525053208857,0.0,0.0,0.0
172,27.889412266160047,0.0069997458468616,14.174444612049797,24.151101735301232,0.0075470696428906,0.0,0.0,0.0
173,27.889412266160047,0.0069997458468616,14.174444612049797,24.10159564681117,0.0075419170316252,0.0,0.0,0.0
174,27.889412266160047,0.0069997458468616,14.174444612049797,24.049336142904004,0.0075370507073038,0.0,0.0,0.0
175,27.889412266160047,0.0069997458468616,14.174444612049797,23.994453845123275,0.0075324737112207,0.0,0.0,0.0
176,27.889412266160047,0.0069997458468616,14.174444612049797,23.937085930631287,0.0075281889038495,0.0,0.0,0.0
177,27.889412266160047,0.0069997458468616,14.174444612049797,23.87737578933764,0.0075241989630552,0.0,0.0,0.0
178,27.889412266160047,0.0069997458468616,14.174444612049797,23.815472665499133,0.007520506382421,0.0,0.0,0.0
179,27.889412266160047,0.0069997458468616,14.174444612049797,23.751531284686827,0.0075171134696896,0.0,0.0,0.0
180,27.889412266160047,0.0069997458468616,14.174444612049797,23.68571146705273,0.0075140223453211,0.0,0.0,0.0
181,27.889412266160047,0.0069997458468616,14.174444612049797,23.618177727862637,0.0075112349411674,0.0,0.0,0.0
182,27.889412266160047,0.0069997458468616,14.174444612049797,23.549098866293612,0.0075087529992655,0.0,0.0,0.0
183,27.889412266160047,0.0069997458468616,14.174444612049797,23.47864754352403,0.0075065780707483,0.0,0.0,0.0
184,27.889412266160047,0.0069997458468616,14.174444612049797,23.40699985117045,0.0075047115148753,0.0,0.0,0.0
185,27.889412266160047,0.0069997458468616,14.174444612049797,23.334334871150368,0.0075031544981832,0.0,0.0,0.0
186,27.889412266160047,0.0069997458468616,14.174444612049797,23.26083422807065,0.0075019079937567,0.0,0.0,0.0
187,27.889412266160047,0.0069997458468616,14.174444612049797,23.18668163526059,0.0075009727806205,0.0,0.0,0.0
188,27.889412266160047,0.0069997458468616,14.174444612049797,23.112062435584303,0.0075003494432524,0.0,0.0,0.0
189,27.889412266160047,0.0069997458468616,14.174444612049797,23.03716313818004,0.0075000383712179,0.0,0.0,0.0
190,27.889412266160047,0.0069997458468616,14.174444612049797,22.96217095228451,0.0075000397589269,0.0,0.0,0.0
191,27.889412266160047,0.0069997458468616,14.174444612049797,22.887273319307287,0.0075003536055123,0.0,0.0,0.0
192,27.889412266160047,0.0069997458468616,14.174444612049797,22.81265744432487,0.0075009797148299,0.0,0.0,0.0
193,27.889412266160047,0.0069997458468616,14.174444612049797,22.73850982816553,0.007501917695582,0.0,0.0,0.0
194,27.889412266160047,0.0069997458468616,14.174444612049797,22.665015801254324,0.0075031669615611,0.0,0.0,0.0
195,27.889412266160047,0.0069997458468616,14.174444612049797,22.592359060383583,0.0075047267320166,0.0,0.0,0.0
196,27.889412266160047,0.0069997458468616,14.174444612049797,22.520721209566588,0.0075065960321427,0.0,0.0,0.0
197,27.889412266160047,0.0069997458468616,14.174444612049797,22.450281306122108,0.0075087736936878,0.0,0.0,0.0
198,27.889412266160047,0.0069997458468616,14.174444612049797,22.38121541312436,0.0075112583556842,0.0,0.0,0.0
199,27.889412266160047,0.0069997458468616,14.174444612049797,22.313696159337017,0.007514048465299,0.0,0.0,0.0
200,27.889412266160047,0.0069997458468616,14.174444612049797,22.247892307731203,0.0075171422788047,0.0,0.0,0.0
201,27.889412266160047,0.0069997458468616,14.174444612049797,22.183968333665945,0.0075205378626684,0.0,0.0,0.0
202,27.889412266160047,0.0069997458468616,14.174444612049797,22.122084013785447,0.0075242330947607,0.0,0.0,0.0
203,27.889412266160047,0.0069997458468616,14.174444612049797,22.06239402666068,0.007528225665682,0.0,0.0,0.0
204,27.889412266160047,0.0069997458468616,14.174444612049797,22.005047566173506,0.0075325130802053,0.0,0.0,0.0
205,27.889412266160047,0.0069997458468616,14.174444612049797,21.950187968609683,0.0075370926588361,0.0,0.0,0.0
206,27.889412266160047,0.0069997458468616,14.174444612049797,21.897952354392807,0.0075419615394868,0.0,0.0,0.0
207,27.889412266160047,0.0069997458468616,14.174444612049797,21.848471285354627,0.0075471166792656,0.0,0.0,0.0
208,27.889412266160047,0.0069997458468616,14.174444612049797,21.801868438398497,0.0075525548563778,0.0,0.0,0.0
209,27.889412266160047,0.0069997458468616,14.174444612049797,21.75826029637152,0.0075582726721399,0.0,0.0,0.0
210,27.889412266160047,0.0069997458468616,14.174444612049797,21.717755856918075,0.007564266553103,0.0,0.0,0.0
211,27.889412266160047,0.0069997458468616,14.174444612049797,21.68045636004249,0.0075705327532867,0.0,0.0,0.0
212,27.889412266160047,0.0069997458468616,14.174444612049797,21.646455035061763,0.0075770673565198,0.0,0.0,0.0
213,27.889412266160047,0.0069997458468616,14.174444612049797,21.61583686758079,0.007583866278888,0.0,0.0,0.0
214,27.889412266160047,0.0069997458468616,14.174444612049797,21.58867838707264,0.0075909252712862,0.0,0.0,0.0
215,27.889412266160047,0.0069997458468616,14.174444612049797,21.56504747559472,0.0075982399220739,0.0,0.0,0.0
216,27.889412266160047,0.0069997458468616,14.174444612049797,21.545003198118984,0.0076058056598324,0.0,0.0,0.0
217,27.889412266160047,0.0069997458468616,14.174444612049797,21.52859565490026,0.007613617756222,0.0,0.0,0.0
218,27.889412266160047,0.0069997458468616,14.174444612049797,21.51586585625172,0.0076216713289366,0.0,0.0,0.0
219,27.889412266160047,0.0069997458468616,14.174444612049797,21.506845620040437,0.0076299613447555,0.0,0.0,0.0
220,27.889412266160047,0.0069997458468616,14.174444612049797,21.501557492159275,0.0076384826226887,0.0,0.0,0.0
221,27.889412266160047,0.0069997458468616,14.174444612049797,21.500014690173945,0.0076472298372148,0.0,0.0,0.0
222,27.889412266160047,0.0069997458468616,14.174444612049797,21.50222107028593,0.0076561975216094,0.0,0.0,0.0
223,27.889412266160047,0.0069997458468616,14.174444612049797,21.508171117694012,0.0076653800713618,0.0,0.0,0.0
224,27.889412266160047,0.0069997458468616,14.174444612049797,21.517849960378403,0.0076747717476773,0.0,0.0,0.0
225,27.889412266160047,0.0069997458468616,14.174444612049797,21.531233406273024,0.0076843666810638,0.0,0.0,0.0
226,27.889412266160047,0.0069997458468616,14.174444612049797,21.54828800373311,0.0076941588750003,0.0,0.0,0.0
227,27.889412266160047,0.0069997458468616,14.174444612049797,21.568971125146867,0.0077041422096844,0.0,0.0,0.0
228,27.889412266160047,0.0069997458468616,14.174444612049797,21.593231073482325,0.0077143104458569,0.0,0.0,0.0
229,27.889412266160047,0.0069997458468616,14.174444612049797,21.621007211502985,0.0077246572287011,0.0,0.0,0.0
230,27.889412266160047,0.0069997458468616,14.174444612049797,21.652230113329328,0.0077351760918146,0.0,0.0,0.0
231,27.889412266160047,0.0069997458468616,14.174444612049797,21.68682173796736,0.0077458604612503,0.0,0.0,0.0
232,27.889412266160047,0.0069997458468616,14.174444612049797,21.72469562437045,0.0077567036596251,0.0,0.0,0.0
233,27.889412266160047,0.0069997458468616,14.174444612049797,21.76575710754694,0.0077676989102931,0.0,0.0,0.0
234,27.889412266160047,0.0069997458468616,14.174444612049797,21.809903555173285,0.0077788393415803,0.0,0.0,0.0
235,27.889412266160047,0.0069997458468616,14.174444612049797,21.85702462412145,0.00779011799108,0.0,0.0,0.0
236,27.889412266160047,0.0069997458468616,14.174444612049797,21.907002536259245,0.0078015278100033,0.0,0.0,0.0
237,27.889412266160047,0.0069997458468616,14.174444612049797,21.95971237283432,0.0078130616675848,0.0,0.0,0.0
238,27.889412266160047,0.0069997458468616,14.174444612049797,22.01502238670598,0.007824712355539,0.0,0.0,0.0
239,27.889412266160047,0.0069997458468616,14.174444612049797,22.07279433164445,0.0078364725925651,0.0,0.0,0.0
240,27.889412266160047,0.0069997458468616,14.174444612049797,22.132883807874435,0.0078483350288978,0.0,0.0,0.0
241,27.889412266160047,0.0069997458468616,14.174444612049797,22.195140622999347,0.0078602922509005,0.0,0.0,0.0
242,27.889412266160047,0.0069997458468616,14.174444612049797,22.259409167404105,0.0078723367856987,0.0,0.0,0.0
243,27.889412266160047,0.0069997458468616,14.174444612049797,22.3255288031981,0.0078844611058503,0.0,0.0,0.0
244,27.889412266160047,0.0069997458468616,14.174444612049797,22.39333426572629,0.0078966576340497,0.0,0.0,0.0
245,27.889412266160047,0.0069997458468616,14.174444612049797,22.46265607664476,0.0079089187478639,0.0,0.0,0.0
246,27.889412266160047,0.0069997458468616,14.174444612049797,22.533320967528308,0.0079212367844959,0.0,0.0,0.0
247,27.889412266160047,0.0069997458468616,14.174444612049797,22.605152312951297,0.0079336040455737,0.0,0.0,0.0
248,27.889412266160047,0.0069997458468616,14.174444612049797,22.67797057195921,0.0079460128019617,0.0,0.0,0.0
249,27.889412266160047,0.0069997458468616,14.174444612049797,22.751593736827537,0.0079584552985912,0.0,0.0,0.0
250,27.889412266160047,0.0069997458468616,14.174444612049797,22.82583778798632,0.0079709237593067,0.0,0.0,0.0
251,27.889412266160047,0.0069997458468616,14.174444612049797,22.9005171539732,0.0079834103917262,0.0,0.0,0.0
252,27.889412266160047,0.0069997458468616,14.174444612049797,22.975445175265488,0.0079959073921108,0.0,0.0,0.0
253,27.889412266160047,0.0069997458468616,14.174444612049797,23.050434570831708,0.0080084069502421,0.0,0.0,0.0
254,27.889412266160047,0.0069997458468616,14.174444612049797,23.12529790623666,0.0080209012543032,0.0,0.0,0.0
255,27.889412266160047,0.0069997458468616,14.174444612049797,23.19984806212992,0.0080333824957607,0.0,0.0,0.0
256,27.889412266160047,0.0069997458468616,14.174444612049797,23.273898701946703,0.008045842874245,0.0,0.0,0.0
257,27.889412266160047,0.0069997458468616,14.174444612049797,23.34726473765231,0.0080582746024252,0.0,0.0,0.0
258,27.889412266160047,0.0069997458468616,14.174444612049797,23.419762792365763,0.0080706699108758,0.0,0.0,0.0
259,27.889412266160047,0.0069997458468616,14.174444612049797,23.49121165870654,0.0080830210529324,0.0,0.0,0.0
260,27.889412266160047,0.0069997458468616,14.174444612049797,23.56143275171864,0.0080953203095335,0.0,0.0,0.0
261,27.889412266160047,0.0069997458468616,14.174444612049797,23.63025055523996,0.0081075599940439,0.0,0.0,0.0
262,27.889412266160047,0.0069997458468616,14.174444612049797,23.69749306060133,0.0081197324570592,0.0,0.0,0.0
263,27.889412266160047,0.0069997458468616,14.174444612049797,23.762992196558564,0.0081318300911863,0.0,0.0,0.0
264,27.889412266160047,0.0069997458468616,14.174444612049797,23.82658424938305,0.0081438453357977,0.0,0.0,0.0
265,27.889412266160047,0.0069997458468616,14.174444612049797,23.888110272060835,0.0081557706817566,0.0,0.0,0.0
266,27.889412266160047,0.0069997458468616,14.174444612049797,23.94741648157736,0.00816759867611,0.0,0.0,0.0
267,27.889412266160047,0.0069997458468616,14.174444612049797,24.004354643294903,0.0081793219267464,0.0,0.0,0.0
268,27.889412266160047,0.0069997458468616,14.174444612049797,24.058782441462,0.0081909331070157,0.0,0.0,0.0
269,27.889412266160047,0.0069997458468616,14.174444612049797,24.110563834928676,0.0082024249603083,0.0,0.0,0.0
270,27.889412266160047,0.0069997458468616,14.174444612049797,24.15956939717849,0.0082137903045899,0.0,0.0,0.0
271,27.889412266160047,0.0069997458468616,14.174444612049797,24.20567663982743,0.0082250220368903,0.0,0.0,0.0
272,27.889412266160047,0.0069997458468616,14.174444612049797,24.24877031878106,0.0082361131377424,0.0,0.0,0.0
273,27.889412266160047,0.0069997458468616,14.174444612049797,24.288742722284745,0.0082470566755693,0.0,0.0,0.0
274,27.889412266160047,0.0069997458468616,14.174444612049797,24.325493940146952,0.0082578458110159,0.0,0.0,0.0
275,27.889412266160047,0.0069997458468616,14.174444612049797,24.358932113462693,0.008268473801224,0.0,0.0,0.0
276,27.889412266160047,0.0069997458468616,14.174444612049797,24.38897366421294,0.0082789340040454,0.0,0.0,0.0
277,27.889412266160047,0.0069997458468616,14.174444612049797,24.41554350416616,0.0082892198821941,0.0,0.0,0.0
278,27.889412266160047,0.0069997458468616,14.174444612049797,24.438575222559763,0.0082993250073308,0.0,0.0,0.0
279,27.889412266160047,0.0069997458468616,14.174444612049797,24.458011252092465,0.0083092430640815,0.0,0.0,0.0
280,27.889412266160047,0.0069997458468616,14.174444612049797,24.473803012812517,0.0083189678539833,0.0,0.0,0.0
281,27.889412266160047,0.0069997458468616,14.174444612049797,24.485911033542305,0.0083284932993593,0.0,0.0,0.0
282,27.889412266160047,0.0069997458468616,14.174444612049797,24.494305050535747,0.0083378134471162,0.0,0.0,0.0
283,27.889412266160047,0.0069997458468616,14.174444612049797,24.49896408312188,0.0083469224724648,0.0,0.0,0.0
284,27.889412266160047,0.0069997458468616,14.174444612049797,24.49987648614561,0.008355814682561,0.0,0.0,0.0
285,27.889412266160047,0.0069997458468616,14.174444612049797,24.497039979074543,0.0083644845200629,0.0,0.0,0.0
286,27.889412266160047,0.0069997458468616,14.174444612049797,24.490461651699142,0.0083729265666042,0.0,0.0,0.0
287,27.889412266160047,0.0069997458468616,14.174444612049797,24.48015794641192,0.0083811355461807,0.0,0.0,0.0
288,27.889412266160047,0.0069997458468616,14.174444612049797,24.466154617110025,0.0083891063284473,0.0,0.0,0.0
289,27.889412266160047,0.0069997458468616,14.174444612049797,24.44848666482392,0.0083968339319245,0.0,0.0,0.0
290,27.889412266160047,0.0069997458468616,14.174444612049797,24.427198250233022,0.0084043135271119,0.0,0.0,0.0
291,27.889412266160047,0.0069997458468616,14.174444612049797,24.402342583287023,0.0084115404395057,0.0,0.0,0.0
292,27.889412266160047,0.0069997458468616,14.174444612049797,24.37398179020871,0.0084185101525211,0.0,0.0,0.0
293,27.889412266160047,0.0069997458468616,14.174444612049797,24.342186758210755,0.0084252183103142,0.0,0.0,0.0
294,27.889412266160047,0.0069997458468616,14.174444612049797,24.307036958314622,0.0084316607205049,0.0,0.0,0.0
295,27.889412266160047,0.0069997458468616,14.174444612049797,24.2686202467144,0.0084378333567964,0.0,0.0,0.0
296,27.889412266160047,0.0069997458468616,14.174444612049797,24.22703264518204,0.008443732361492,0.0,0.0,0.0
297,27.889412266160047,0.0069997458468616,14.174444612049797,24.182378101062973,0.0084493540479058,0.0,0.0,0.0
298,27.889412266160047,0.0069997458468616,14.174444612049797,24.134768227461866,0.0084546949026667,0.0,0.0,0.0
299,27.889412266160047,0.0069997458468616,14.174444612049797,24.08432202426797,0.0084597515879144,0.0,0.0,0.0
300,27.889412266160047,0.0069997458468616,14.174444612049797,24.03116558071739,0.0084645209433853,0.0,0.0,0.0
301,27.889412266160047,0.0069997458468616,14.174444612049797,23.97543176023568,0.0084689999883873,0.0,0.0,0.0
302,27.889412266160047,0.0069997458468616,14.174444612049797,23.91725986834841,0.0084731859236632,0.0,0.0,0.0
303,27.889412266160047,0.0069997458468616,14.174444612049797,23.85679530448998,0.0084770761331397,0.0,0.0,0.0
304,27.889412266160047,0.0069997458468616,14.174444612049797,23.794189198580696,0.0084806681855625,0.0,0.0,0.0
305,27.889412266160047,0.0069997458468616,14.174444612049797,23.7295980332807,0.0084839598360157,0.0,0.0,0.0
306,27.889412266160047,0.0069997458468616,14.174444612049797,23.66318325286481,0.008486949027325,0.0,0.0,0.0
307,27.889412266160047,0.0069997458468616,14.174444612049797,23.59511085969592,0.0084896338913431,0.0,0.0,0.0
308,27.889412266160047,0.0069997458468616,14.174444612049797,23.52555099930553,0.0084920127501173,0.0,0.0,0.0
309,27.889412266160047,0.0069997458468616,14.174444612049797,23.454677535118552,0.0084940841169385,0.0,0.0,0.0
310,27.889412266160047,0.0069997458468616,14.174444612049797,23.38266761388526,0.0084958466972696,0.0,0.0,0.0
311,27.889412266160047,0.0069997458468616,14.174444612049797,23.309701222906696,0.0084972993895555,0.0,0.0,0.0
312,27.889412266160047,0.0069997458468616,14.174444612049797,23.23596074016014,0.0084984412859108,0.0,0.0,0.0
313,27.889412266160047,0.0069997458468616,14.174444612049797,23.16163047844916,0.0084992716726873,0.0,0.0,0.0
314,27.889412266160047,0.0069997458468616,14.174444612049797,23.08689622471759,0.0084997900309203,0.0,0.0,0.0
315,27.889412266160047,0.0069997458468616,14.174444612049797,23.011944775678906,0.0084999960366529,0.0,0.0,0.0
316,27.889412266160047,0.0069997458468616,14.174444612049797,22.93696347092174,0.0084998895611382,0.0,0.0,0.0
317,27.889412266160047,0.0069997458468616,14.174444612049797,22.86213972465848,0.0084994706709198,0.0,0.0,0.0
318,27.889412266160047,0.0069997458468616,14.174444612049797,22.787660557287328,0.0084987396277906,0.0,0.0,0.0
319,27.889412266160047,0.0069997458468616,14.174444612049797,22.71371212793872,0.0084976968886288,0.0,0.0,0.0
320,27.889412266160047,0.0069997458468616,14.174444612049797,22.640479269174413,0.0084963431051122,0.0,0.0,0.0
321,27.889412266160047,0.0069997458468616,14.174444612049797,22.5681450250024,0.0084946791233116,0.0,0.0,0.0
322,27.889412266160047,0.0069997458468616,14.174444612049797,22.49689019336216,0.0084927059831615,0.0,0.0,0.0
323,27.889412266160047,0.0069997458468616,14.174444612049797,22.426892874223988,0.0084904249178102,0.0,0.0,0.0
324,27.889412266160047,0.0069997458468616,14.174444612049797,22.358328024431835,0.0084878373528492,0.0,0.0,0.0
325,27.889412266160047,0.0069997458468616,14.174444612049797,22.2913670204023,0.0084849449054225,0.0,0.0,0.0
326,27.889412266160047,0.0069997458468616,14.174444612049797,22.22617722977284,0.0084817493832155,0.0,0.0,0.0
327,27.889412266160047,0.0069997458468616,14.174444612049797,22.162921593069832,0.0084782527833257,0.0,0.0,0.0
328,27.889412266160047,0.0069997458468616,14.174444612049797,22.101758216442143,0.0084744572910141,0.0,0.0,0.0
329,27.889412266160047,0.0069997458468616,14.174444612049797,22.042839976478074,0.0084703652783398,0.0,0.0,0.0
330,27.889412266160047,0.0069997458468616,14.174444612049797,21.98631413809351,0.0084659793026777,0.0,0.0,0.0
331,27.889412266160047,0.0069997458468616,14.174444612049797,21.932321986446315,0.0084613021051196,0.0,0.0,0.0
332,27.889412266160047,0.0069997458468616,14.174444612049797,21.88099847379705,0.0084563366087619,0.0,0.0,0.0
333,27.889412266160047,0.0069997458468616,14.174444612049797,21.832471882198558,0.0084510859168781,0.0,0.0,0.0
334,27.889412266160047,0.0069997458468616,14.174444612049797,21.786863502857678,0.0084455533109797,0.0,0.0,0.0
335,27.889412266160047,0.0069997458468616,14.174444612049797,21.74428733297038,0.0084397422487654,0.0,0.0,0.0
336,27.889412266160047,0.0069997458468616,14.174444612049797,21.704849790788145,0.0084336563619598,0.0,0.0,0.0
337,27.889412266160047,0.0069997458468616,14.174444612049797,21.668649449627743,0.0084272994540441,0.0,0.0,0.0
338,27.889412266160047,0.0069997458468616,14.174444612049797,21.635776791489317,0.0084206754978788,0.0,0.0,0.0
339,27.889412266160047,0.0069997458468616,14.174444612049797,21.606313980898445,0.0084137886332209,0.0,0.0,0.0
340,27.889412266160047,0.0069997458468616,14.174444612049797,21.580334659537687,0.0084066431641367,0.0,0.0,0.0
341,27.889412266160047,0.0069997458468616,14.174444612049797,21.557903762180665,0.0083992435563117,0.0,0.0,0.0
342,27.889412266160047,0.0069997458468616,14.174444612049797,21.53907735438899,0.0083915944342599,0.0,0.0,0.0
343,27.889412266160047,0.0069997458468616,14.174444612049797,21.52390249237753,0.0083837005784337,0.0,0.0,0.0
344,27.889412266160047,0.0069997458468616,14.174444612049797,21.512417105398416,0.0083755669222359,0.0,0.0,0.0
345,27.889412266160047,0.0069997458468616,14.174444612049797,21.504649900937608,0.008367198548937,0.0,0.0,0.0
346,27.889412266160047,0.0069997458468616,14.174444612049797,21.500620292961173,0.0083586006884978,0.0,0.0,0.0
347,27.889412266160047,0.0069997458468616,14.174444612049797,21.50033835339048,0.0083497787143013,0.0,0.0,0.0
348,27.889412266160047,0.0069997458468616,14.174444612049797,21.503804786927628,0.0083407381397941,0.0,0.0,0.0
349,27.889412266160047,0.0069997458468616,14.174444612049797,21.51101092929405,0.008331484615041,0.0,0.0,0.0
350,27.889412266160047,0.0069997458468616,14.174444612049797,21.52193876888672,0.0083220239231939,0.0,0.0,0.0
351,27.889412266160047,0.0069997458468616,14.174444612049797,21.536560991797764,0.008312361976877,0.0,0.0,0.0
352,27.889412266160047,0.0069997458468616,14.174444612049797,21.55484105008501,0.0083025048144925,0.0,0.0,0.0
353,27.889412266160047,0.0069997458468616,14.174444612049797,21.57673325312281,0.0082924585964458,0.0,0.0,0.0
354,27.889412266160047,0.0069997458468616,14.174444612049797,21.60218288180482,0.0082822296012963,0.0,0.0,0.0
355,27.889412266160047,0.0069997458468616,14.174444612049797,21.63112632531322,0.008271824221833,0.0,0.0,0.0
356,27.889412266160047,0.0069997458468616,14.174444612049797,21.66349124011272,0.0082612489610793,0.0,0.0,0.0
357,27.889412266160047,0.0069997458468616,14.174444612049797,21.69919673077163,0.0082505104282289,0.0,0.0,0.0
358,27.889412266160047,0.0069997458468616,14.174444612049797,21.73815355215836,0.0082396153345153,0.0,0.0,0.0
359,27.889412266160047,0.0069997458468616,14.174444612049797,21.78026433250777,0.0082285704890175,0.0,0.0,0.0
360,27.889412266160047,0.0069997458468616,14.174444612049797,21.82542381679985,0.0082173827944044,0.0,0.0,0.0
361,27.889412266160047,0.0069997458468616,14.174444612049797,21.873519129842485,0.0082060592426208,0.0,0.0,0.0
362,27.889412266160047,0.0069997458468616,14.174444612049797,21.924430058400617,0.0081946069105182,0.0,0.0,0.0
363,27.889412266160047,0.0069997458468616,14.174444612049797,21.97802935166675,0.0081830329554312,0.0,0.0,0.0
364,27.889412266160047,0.0069997458468616,14.174444612049797,22.03418303932169,0.008171344610705,0.0,0.0,0.0
365,27.889412266160047,0.0069997458468616,14.174444612049797,22.092750766390573,0.0081595491811746,0.0,0.0,0.0
366,27.889412266160047,0.0069997458468616,14.174444612049797,22.15358614405722,0.0081476540385996,0.0,0.0,0.0
367,27.889412266160047,0.0069997458468616,14.174444612049797,22.216537115559905,0.0081356666170568,0.0,0.0,0.0
368,27.889412266160047,0.0069997458468616,14.174444612049797,22.281446336254103,0.0081235944082944,0.0,0.0,0.0
369,27.889412266160047,0.0069997458468616,14.174444612049797,22.34815156689216,0.0081114449570501,0.0,0.0,0.0
370,27.889412266160047,0.0069997458468616,14.174444612049797,22.41648607913688,0.0080992258563353,0.0,0.0,0.0
371,27.889412266160047,0.0069997458468616,14.174444612049797,22.48627907229558,0.0080869447426902,0.0,0.0,0.0
372,27.889412266160047,0.0069997458468616,14.174444612049797,22.55735610023286,0.0080746092914111,0.0,0.0,0.0
373,27.889412266160047,0.0069997458468616,14.174444612049797,22.62953950739507,0.0080622272117535,0.0,0.0,0.0
374,27.889412266160047,0.0069997458468616,14.174444612049797,22.70264887285669,0.0080498062421141,0.0,0.0,0.0
375,27.889412266160047,0.0069997458468616,14.174444612049797,22.776501461278706,0.0080373541451947,0.0,0.0,0.0
376,27.889412266160047,0.0069997458468616,14.174444612049797,22.850912679651728,0.0080248787031505,0.0,0.0,0.0
377,27.889412266160047,0.0069997458468616,14.174444612049797,22.92569653868245,0.0080123877127266,0.0,0.0,0.0
378,27.889412266160047,0.0069997458468616,14.174444612049797,23.00066611766997,0.0079998889803856,0.0,0.0,0.0
379,27.889412266160047,0.0069997458468616,14.174444612049797,23.075634031710223,0.0079873903174281,0.0,0.0,0.0
380,27.889412266160047,0.0069997458468616,14.174444612049797,23.15041290006064,0.0079748995351118,0.0,0.0,0.0
381,27.889412266160047,0.0069997458468616,14.174444612049797,23.224815814494427,0.007962424439769,0.0,0.0,0.0
382,27.889412266160047,0.0069997458468616,14.174444612049797,23.2986568064738,0.0079499728279283,0.0,0.0,0.0
383,27.889412266160047,0.0069997458468616,14.174444612049797,23.37175131197444,0.0079375524814416,0.0,0.0,0.0
384,27.889412266160047,0.0069997458468616,14.174444612049797,23.443916632799485,0.0079251711626212,0.0,0.0,0.0
385,27.889412266160047,0.0069997458468616,14.174444612049797,23.514972393229847,0.0079128366093885,0.0,0.0,0.0
386,27.889412266160047,0.0069997458468616,14.174444612049797,23.58474099086957,0.0079005565304375,0.0,0.0,0.0
387,27.889412266160047,0.0069997458468616,14.174444612049797,23.65304804055934,0.0078883386004181,0.0,0.0,0.0
388,27.889412266160047,0.0069997458468616,14.174444612049797,23.71972281024856,0.0078761904551386,0.0,0.0,0.0
389,27.889412266160047,0.0069997458468616,14.174444612049797,23.784598647736548,0.0078641196867945,0.0,0.0,0.0
390,27.889412266160047,0.0069997458468616,14.174444612049797,23.847513397216275,0.007852133839223,0.0,0.0,0.0
391,27.889412266160047,0.0069997458468616,14.174444612049797,23.908309804579403,0.0078402404031888,0.0,0.0,0.0
392,27.889412266160047,0.0069997458468616,14.174444612049797,23.966835910469687,0.0078284468117022,0.0,0.0,0.0
393,27.889412266160047,0.0069997458468616,14.174444612049797,24.022945430102205,0.007816760435374,0.0,0.0,0.0
394,27.889412266160047,0.0069997458468616,14.174444612049797,24.076498118899146,0.007805188577809,0.0,0.0,0.0
395,27.889412266160047,0.0069997458468616,14.174444612049797,24.127360123028225,0.0077937384710414,0.0,0.0,0.0
396,27.889412266160047,0.0069997458468616,14.174444612049797,24.175404313967533,0.0077824172710154,0.0,0.0,0.0
397,27.889412266160047,0.0069997458468616,14.174444612049797,24.220510606260657,0.0077712320531123,0.0,0.0,0.0
398,27.889412266160047,0.0069997458468616,14.174444612049797,24.262566257667768,0.0077601898077293,0.0,0.0,0.0
399,27.889412266160047,0.0069997458468616,14.174444612049797,24.301466150962504,0.0077492974359104,0.0,0.0,0.0
400,27.889412266160047,0.0069997458468616,14.174444612049797,24.3371130566703,0.0077385617450332,0.0,0.0,0.0
401,27.889412266160047,0.0069997458468616,14.174444612049797,24.36941787609144,0.0077279894445553,0.0,0.0,0.0
402,27.889412266160047,0.0069997458468616,14.174444612049797,24.3982998640014,0.0077175871418201,0.0,0.0,0.0
403,27.889412266160047,0.0069997458468616,14.174444612049797,24.42368683047184,0.0077073613379284,0.0,0.0,0.0
404,27.889412266160047,0.0069997458468616,14.174444612049797,24.445515321307877,0.0076973184236747,0.0,0.0,0.0
405,27.889412266160047,0.0069997458468616,14.174444612049797,24.463730776650465,0.0076874646755535,0.0,0.0,0.0
406,27.889412266160047,0.0069997458468616,14.174444612049797,24.47828766734768,0.0076778062518366,0.0,0.0,0.0
407,27.889412266160047,0.0069997458468616,14.174444612049797,24.48914960875386,0.0076683491887245,0.0,0.0,0.0
408,27.889412266160047,0.0069997458468616,14.174444612049797,24.496289451672283,0.0076590993965736,0.0,0.0,0.0
409,27.889412266160047,0.0069997458468616,14.174444612049797,24.499689350214005,0.0076500626562032,0.0,0.0,0.0
410,27.889412266160047,0.0069997458468616,14.174444612049797,24.499340806403307,0.0076412446152816,0.0,0.0,0.0
411,27.889412266160047,0.0069997458468616,14.174444612049797,24.4952446914182,0.0076326507847976,0.0,0.0,0.0
412,27.889412266160047,0.0069997458468616,14.174444612049797,24.48741124341293,0.0076242865356152,0.0,0.0,0.0
413,27.889412266160047,0.0069997458468616,14.174444612049797,24.475860041927923,0.0076161570951182,0.0,0.0,0.0
414,27.889412266160047,0.0069997458468616,14.174444612049797,24.460619958951156,0.007608267543942,0.0,0.0,0.0
415,27.889412266160047,0.0069997458468616,14.174444612049797,24.44172908675317,0.0076006228127994,0.0,0.0,0.0
416,27.889412266160047,0.0069997458468616,14.174444612049797,24.419234642676308,0.0075932276793986,0.0,0.0,0.0
417,27.889412266160047,0.0069997458468616,14.174444612049797,24.39319285111586,0.0075860867654571,0.0,0.0,0.0
418,27.889412266160047,0.0069997458468616,14.174444612049797,24.363668802988435,0.0075792045338138,0.0,0.0,0.0
419,27.889412266160047,0.0069997458468616,14.174444612049797,24.330736293038523,0.0075725852856393,0.0,0.0,0.0
420,27.889412266160047,0.0069997458468616,14.174444612049797,24.29447763539008,0.0075662331577484,0.0,0.0,0.0
421,27.889412266160047,0.0069997458468616,14.174444612049797,24.254983457804084,0.0075601521200141,0.0,0.0,0.0
422,27.889412266160047,0.0069997458468616,14.174444612049797,24.21235247515633,0.0075543459728872,0.0,0.0,0.0
423,27.889412266160047,0.0069997458468616,14.174444612049797,24.16669124270164,0.0075488183450205,0.0,0.0,0.0
424,27.889412266160047,0.0069997458468616,14.174444612049797,24.11811388974125,0.0075435726910017,0.0,0.0,0.0
425,27.889412266160047,0.0069997458468616,14.174444612049797,24.06674183435897,0.0075386122891935,0.0,0.0,0.0
426,27.889412266160047,0.0069997458468616,14.174444612049797,24.0127034799392,0.0075339402396859,0.0,0.0,0.0
427,27.889412266160047,0.0069997458468616,14.174444612049797,23.95613389422536,0.0075295594623575,0.0,0.0,0.0
428,27.889412266160047,0.0069997458468616,14.174444612049797,23.89717447172086,0.0075254726950516,0.0,0.0,0.0
429,27.889412266160047,0.0069997458468616,14.174444612049797,23.835972580276486,0.0075216824918649,0.0,0.0,0.0
430,27.889412266160047,0.0069997458468616,14.174444612049797,23.77268119274753,0.0075181912215507,0.0,0.0,0.0
431,27.889412266160047,0.0069997458468616,14.174444612049797,23.70745850464129,0.0075150010660396,0.0,0.0,0.0
432,27.889412266160047,0.0069997458468616,14.174444612049797,23.64046753871072,0.0075121140190748,0.0,0.0,0.0
433,27.889412266160047,0.0069997458468616,14.174444612049797,23.57187573748241,0.0075095318849667,0.0,0.0,0.0
434,27.889412266160047,0.0069997458468616,14.174444612049797,23.50185454473752,0.0075072562774651,0.0,0.0,0.0
435,27.889412266160047,0.0069997458468616,14.174444612049797,23.430578976991587,0.0075052886187505,0.0,0.0,0.0
436,27.889412266160047,0.0069997458468616,14.174444612049797,23.35822718604437,0.0075036301385457,0.0,0.0,0.0
437,27.889412266160047,0.0069997458468616,14.174444612049797,23.28498001369316,0.0075022818733468,0.0,0.0,0.0
438,27.889412266160047,0.0069997458468616,14.174444612049797,23.21102053972243,0.0075012446657756,0.0,0.0,0.0
439,27.889412266160047,0.0069997458468616,14.174444612049797,23.13653362429977,0.007500519164053,0.0,0.0,0.0
440,27.889412266160047,0.0069997458468616,14.174444612049797,23.06170544592169,0.0075001058215942,0.0,0.0,0.0
441,27.889412266160047,0.0069997458468616,14.174444612049797,22.986723036064397,0.0075000048967246,0.0,0.0,0.0
442,27.889412266160047,0.0069997458468616,14.174444612049797,22.91177381170242,0.007500216452519,0.0,0.0,0.0
443,27.889412266160047,0.0069997458468616,14.174444612049797,22.83704510686388,0.0075007403567619,0.0,0.0,0.0
444,27.889412266160047,0.0069997458468616,14.174444612049797,22.76272370439291,0.0075015762820303,0.0,0.0,0.0
445,27.889412266160047,0.0069997458468616,14.174444612049797,22.688995369089856,0.007502723705898,0.0,0.0,0.0
446,27.889412266160047,0.0069997458468616,14.174444612049797,22.616044383396,0.0075041819112624,0.0,0.0,0.0
447,27.889412266160047,0.0069997458468616,14.174444612049797,22.54405308678343,0.0075059499867928,0.0,0.0,0.0
448,27.889412266160047,0.0069997458468616,14.174444612049797,22.473201420001335,0.0075080268274993,0.0,0.0,0.0
449,27.889412266160047,0.0069997458468616,14.174444612049797,22.403666475317845,0.0075104111354243,0.0,0.0,0.0
450,27.889412266160047,0.0069997458468616,14.174444612049797,22.335622053881565,0.0075131014204528,0.0,0.0,0.0
451,27.889412266160047,0.0069997458468616,14.174444612049797,22.269238231309235,0.0075160960012443,0.0,0.0,0.0
452,27.889412266160047,0.0069997458468616,14.174444612049797,22.20468093258526,0.0075193930062833,0.0,0.0,0.0
453,27.889412266160047,0.0069997458468616,14.174444612049797,22.142111517335653,0.0075229903750489,0.0,0.0,0.0
454,27.889412266160047,0.0069997458468616,14.174444612049797,22.081686376513023,0.0075268858593028,0.0,0.0,0.0
455,27.889412266160047,0.0069997458468616,14.174444612049797,22.023556541500625,0.0075310770244941,0.0,0.0,0.0
456,27.889412266160047,0.0069997458468616,14.174444612049797,21.967867306612558,0.0075355612512809,0.0,0.0,0.0
457,27.889412266160047,0.0069997458468616,14.174444612049797,21.914757865933638,0.0075403357371676,0.0,0.0,0.0
458,27.889412266160047,0.0069997458468616,14.174444612049797,21.8643609654067,0.0075453974982559,0.0,0.0,0.0
459,27.889412266160047,0.0069997458468616,14.174444612049797,21.816802571036877,0.0075507433711097,0.0,0.0,0.0
460,27.889412266160047,0.0069997458468616,14.174444612049797,21.772201554042145,0.0075563700147327,0.0,0.0,0.0
461,27.889412266160047,0.0069997458468616,14.174444612049797,21.730669393737244,0.0075622739126557,0.0,0.0,0.0
462,27.889412266160047,0.0069997458468616,14.174444612049797,21.6923098988934,0.0075684513751347,0.0,0.0,0.0
463,27.889412266160047,0.0069997458468616,14.174444612049797,21.65721894827048,0.0075748985414568,0.0,0.0,0.0
464,27.889412266160047,0.0069997458468616,14.174444612049797,21.62548425097003,0.0075816113823527,0.0,0.0,0.0
465,27.889412266160047,0.0069997458468616,14.174444612049797,21.59718512720819,0.0075885857025156,0.0,0.0,0.0
466,27.889412266160047,0.0069997458468616,14.174444612049797,21.57239231005647,0.0075958171432223,0.0,0.0,0.0
467,27.889412266160047,0.0069997458468616,14.174444612049797,21.551167768645893,0.0076033011850577,0.0,0.0,0.0
468,27.889412266160047,0.0069997458468616,14.174444612049797,21.533564553276463,0.0076110331507394,0.0,0.0,0.0
469,27.889412266160047,0.0069997458468616,14.174444612049797,21.519626662819025,0.0076190082080404,0.0,0.0,0.0
470,27.889412266160047,0.0069997458468616,14.174444612049797,21.50938893474101,0.0076272213728096,0.0,0.0,0.0
471,27.889412266160047,0.0069997458468616,14.174444612049797,21.502876958030907,0.0076356675120864,0.0,0.0,0.0
472,27.889412266160047,0.0069997458468616,14.174444612049797,21.50010700923912,0.0076443413473085,0.0,0.0,0.0
473,27.889412266160047,0.0069997458468616,14.174444612049797,21.50108601179506,0.0076532374576114,0.0,0.0,0.0
474,27.889412266160047,0.0069997458468616,14.174444612049797,21.5058115187022,0.0076623502832157,0.0,0.0,0.0
475,27.889412266160047,0.0069997458468616,14.174444612049797,21.514271718654268,0.0076716741289019,0.0,0.0,0.0
476,27.889412266160047,0.0069997458468616,14.174444612049797,21.52644546555737,0.0076812031675702,0.0,0.0,0.0
477,27.889412266160047,0.0069997458468616,14.174444612049797,21.542302331384207,0.0076909314438814,0.0,0.0,0.0
478,27.889412266160047,0.0069997458468616,14.174444612049797,21.561802682228315,0.0077008528779796,0.0,0.0,0.0
479,27.889412266160047,0.0069997458468616,14.174444612049797,21.58489777736817,0.0077109612692914,0.0,0.0,0.0
480,27.889412266160047,0.0069997458468616,14.174444612049797,21.61152989109361,0.0077212503004013,0.0,0.0,0.0
481,27.889412266160047,0.0069997458468616,14.174444612049797,21.641632456990063,0.0077317135409997,0.0,0.0,0.0
482,27.889412266160047,0.0069997458468616,14.174444612049797,21.6751302343199,0.0077423444519019,0.0,0.0,0.0
483,27.889412266160047,0.0069997458468616,14.174444612049797,21.711939496085105,0.0077531363891347,0.0,0.0,0.0
484,27.889412266160047,0.0069997458468616,14.174444612049797,21.751968238301156,0.0077640826080884,0.0,0.0,0.0
485,27.889412266160047,0.0069997458468616,14.174444612049797,21.79511640995907,0.0077751762677327,0.0,0.0,0.0
486,27.889412266160047,0.0069997458468616,14.174444612049797,21.841276163100844,0.0077864104348912,0.0,0.0,0.0
487,27.889412266160047,0.0069997458468616,14.174444612049797,21.89033212238316,0.0077977780885754,0.0,0.0,0.0
488,27.889412266160047,0.0069997458468616,14.174444612049797,21.942161673455654,0.0078092721243716,0.0,0.0,0.0
489,27.889412266160047,0.0069997458468616,14.174444612049797,21.996635269432968,0.0078208853588815,0.0,0.0,0.0
490,27.889412266160047,0.0069997458468616,14.174444612049797,22.053616754694445,0.0078326105342118,0.0,0.0,0.0
491,27.889412266160047,0.0069997458468616,14.174444612049797,22.112963705202315,0.0078444403225094,0.0,0.0,0.0
492,27.889412266160047,0.0069997458468616,14.174444612049797,22.17452778448761,0.0078563673305417,0.0,0.0,0.0
493,27.889412266160047,0.0069997458468616,14.174444612049797,22.238155114414067,0.0078683841043171,0.0,0.0,0.0
494,27.889412266160047,0.0069997458468616,14.174444612049797,22.303686659793343,0.0078804831337429,0.0,0.0,0.0
495,27.889412266160047,0.0069997458468616,14.174444612049797,22.37095862589016,0.0078926568573197,0.0,0.0,0.0
496,27.889412266160047,0.0069997458468616,14.174444612049797,22.43980286782383,0.0079048976668665,0.0,0.0,0.0
497,27.889412266160047,0.0069997458468616,14.174444612049797,22.51004731084292,0.0079171979122758,0.0,0.0,0.0
498,27.889412266160047,0.0069997458468616,14.174444612049797,22.58151638042247,0.0079295499062946,0.0,0.0,0.0
499,27.889412266160047,0.0069997458468616,14.174444612049797,22.654031441108916,0.0079419459293287,0.0,0.0,0.0
500,27.889412266160047,0.0069997458468616,14.174444612049797,22.72741124301564,0.0079543782342673,0.0,0.0,0.0
501,27.889412266160047,0.0069997458468616,14.174444612049797,23.0,0.008,0.0,0.0,0.0
502,27.889412266160047,0.0069997458468616,14.174444612049797,23.0,0.008,0.0,0.0,0.0
503,27.889412266160047,0.0069997458468616,14.174444612049797,23.0,0.008,0.0,0.0,0.0
504,27.889412266160047,0.0069997458468616,14.174444612049797,23.0,0.008,0.0,0.0,0.0
505,27.889412266160047,0.0069997458468616,14.174444612049797,23.0,0.008,0.0,0.0,0.0
506,27.889412266160047,0.0069997458468616,14.174444612049797,23.0,0.008,0.0,0.0,0.0
507,27.889412266160047,0.0069997458468616,14.174444612049797,23.0,0.008,0.0,0.0,0.0
508,27.889412266160047,0.0069997458468616,14.174444612049797,23.0,0.008,0.0,0.0,0.0
509,27.889412266160047,0.0069997458468616,14.174444612049797,23.0,0.008,0.0,0.0,0.0
510,27.889412266160047,0.0069997458468616,14.174444612049797,23.0,0.008,0.0,0.0,0.0
511,27.889412266160047,0.0069997458468616,14.174444612049797,23.0,0.008,0.0,0.0,0.0
512,27.889412266160047,0.0069997458468616,14.174444612049797,23.0,0.008,0.0,0.0,0.0
513,27.889412266160047,0.0069997458468616,14.174444612049797,23.0,0.008,0.0,0.0,0.0
514,27.889412266160047,0.0069997458468616,14.174444612049797,23.0,0.008,0.0,0.0,0.0
515,27.889412266160047,0.0069997458468616,14.174444612049797,23.0,0.008,0.0,0.0,0.0
516,27.889412266160047,0.0069997458468616,14.174444612049797,23.0,0.008,0.0,0.0,0.0
517,27.889412266160047,0.0069997458468616,14.174444612049797,23.0,0.008,0.0,0.0,0.0
518,27.889412266160047,0.0069997458468616,14.174444612049797,23.0,0.008,0.0,0.0,0.0
519,27.889412266160047,0.0069997458468616,14.174444612049797,23.0,0.008,0.0,0.0,0.0
520,27.889412266160047,0.0069997458468616,14.174444612049797,23.0,0.008,0.0,0.0,0.0
521,27.889412266160047,0.0069997458468616,14.174444612049797,23.0,0.008,0.0,0.0,0.0
522,27.889412266160047,0.0069997458468616,14.174444612049797,23.0,0.008,0.0,0.0,0.0
523,27.889412266160047,0.0069997458468616,14.174444612049797,23.0,0.008,0.0,0.0,0.0
524,27.889412266160047,0.0069997458468616,14.174444612049797,23.0,0.008,0.0,0.0,0.0
525,27.889412266160047,0.0069997458468616,14.174444612049797,23.0,0.008,0.0,0.0,0.0
526,27.889412266160047,0.0069997458468616,14.174444612049797,23.0,0.008,0.0,0.0,0.0
527,27.889412266160047,0.0069997458468616,14.174444612049797,23.0,0.008,0.0,0.0,0.0
528,27.889412266160047,0.0069997458468616,14.174444612049797,23.0,0.008,0.0,0.0,0.0
529,27.889412266160047,0.0069997458468616,14.174444612049797,23.0,0.008,0.0,0.0,0.0
530,27.889412266160047,0.0069997458468616,14.174444612049797,23.0,0.008,0.0,0.0,0.0
531,27.889412266160047,0.0069997458468616,14.174444612049797,23.0,0.008,0.0,0.0,0.0
532,27.889412266160047,0.0069997458468616,14.174444612049797,23.0,0.008,0.0,0.0,0.0
533,27.889412266160047,0.0069997458468616,14.174444612049797,23.0,0.008,0.0,0.0,0.0
534,27.889412266160047,0.0069997458468616,14.174444612049797,23.0,0.008,0.0,0.0,0.0
535,27.889412266160047,0.0069997458468616,14.174444612049797,23.0,0.008,0.0,0.0,0.0
536,27.889412266160047,0.0069997458468616,14.174444612049797,23.0,0.008,0.0,0.0,0.0
537,27.889412266160047,0.0069997458468616,14.174444612049797,23.0,0.008,0.0,0.0,0.0
538,27.889412266160047,0.0069997458468616,14.174444612049797,23.0,0.008,0.0,0.0,0.0
539,27.889412266160047,0.0069997458468616,14.174444612049797,23.0,0.008,0.0,0.0,0.0
540,27.889412266160047,0.0069997458468616,14.174444612049797,23.0,0.008,0.0,0.0,0.0
541,27.889412266160047,0.0069997458468616,14.174444612049797,23.0,0.008,0.0,0.0,0.0
542,27.889412266160047,0.0069997458468616,14.174444612049797,23.0,0.008,0.0,0.0,0.0
543,27.889412266160047,0.0069997458468616,14.174444612049797,23.0,0.008,0.0,0.0,0.0
544,27.889412266160047,0.0069997458468616,14.174444612049797,23.0,0.008,0.0,0.0,0.0
545,27.889412266160047,0.0069997458468616,14.174444612049797,23.0,0.008,0.0,0.0,0.0
546,27.889412266160047,0.0069997458468616,14.174444612049797,23.0,0.008,0.0,0.0,0.0
547,27.889412266160047,0.0069997458468616,14.174444612049797,23.0,0.008,0.0,0.0,0.0
548,27.889412266160047,0.0069997458468616,14.174444612049797,23.0,0.008,0.0,0.0,0.0
549,27.889412266160047,0.0069997458468616,14.174444612049797,23.0,0.008,0.0,0.0,0.0
550,27.889412266160047,0.0069997458468616,14.174444612049797,23.0,0.008,0.0,0.0,0.0
551,27.889412266160047,0.0069997458468616,14.174444612049797,23.0,0.008,0.0,0.0,0.0
552,27.889412266160047,0.0069997458468616,14.174444612049797,23.0,0.008,0.0,0.0,0.0
553,27.889412266160047,0.0069997458468616,14.174444612049797,23.0,0.008,0.0,0.0,0.0
554,27.889412266160047,0.0069997458468616,14.174444612049797,23.0,0.008,0.0,0.0,0.0
555,27.889412266160047,0.0069997458468616,14.174444612049797,23.0,0.008,0.0,0.0,0.0
556,27.889412266160047,0.0069997458468616,14.174444612049797,23.0,0.008,0.0,0.0,0.0
557,27.889412266160047,0.0069997458468616,14.174444612049797,23.0,0.008,0.0,0.0,0.0
558,27.889412266160047,0.0069997458468616,14.174444612049797,23.0,0.008,0.0,0.0,0.0
559,27.889412266160047,0.0069997458468616,14.174444612049797,23.0,0.008,0.0,0.0,0.0
560,27.889412266160047,0.0069997458468616,14.174444612049797,23.0,0.008,0.0,0.0,0.0
561,27.889412266160047,0.0069997458468616,14.174444612049797,23.0,0.008,0.0,0.0,0.0
562,27.889412266160047,0.0069997458468616,14.174444612049797,23.0,0.008,0.0,0.0,0.0
563,27.889412266160047,0.0069997458468616,14.174444612049797,23.0,0.008,0.0,0.0,0.0
564,27.889412266160047,0.0069997458468616,14.174444612049797,23.0,0.008,0.0,0.0,0.0
565,27.889412266160047,0.0069997458468616,14.174444612049797,23.0,0.008,0.0,0.0,0.0
566,27.889412266160047,0.0069997458468616,14.174444612049797,23.0,0.008,0.0,0.0,0.0
567,27.889412266160047,0.0069997458468616,14.174444612049797,23.0,0.008,0.0,0.0,0.0
568,27.889412266160047,0.0069997458468616,14.174444612049797,23.0,0.008,0.0,0.0,0.0
569,27.889412266160047,0.0069997458468616,14.174444612049797,23.0,0.008,0.0,0.0,0.0
570,27.889412266160047,0.0069997458468616,14.174444612049797,23.0,0.008,0.0,0.0,0.0
571,27.889412266160047,0.0069997458468616,14.174444612049797,23.0,0.008,0.0,0.0,0.0
572,27.889412266160047,0.0069997458468616,14.174444612049797,23.0,0.008,0.0,0.0,0.0
573,27.889412266160047,0.0069997458468616,14.174444612049797,23.0,0.008,0.0,0.0,0.0
574,27.889412266160047,0.0069997458468616,14.174444612049797,23.0,0.008,0.0,0.0,0.0
575,27.889412266160047,0.0069997458468616,14.174444612049797,23.0,0.008,0.0,0.0,0.0
576,27.889412266160047,0.0069997458468616,14.174444612049797,23.0,0.008,0.0,0.0,0.0
577,27.889412266160047,0.0069997458468616,14.174444612049797,23.0,0.008,0.0,0.0,0.0
578,27.889412266160047,0.0069997458468616,14.174444612049797,23.0,0.008,0.0,0.0,0.0
579,27.889412266160047,0.0069997458468616,14.174444612049797,23.0,0.008,0.0,0.0,0.0
580,27.889412266160047,0.0069997458468616,14.174444612049797,23.0,0.008,0.0,0.0,0.0
581,27.889412266160047,0.0069997458468616,14.174444612049797,23.0,0.008,0.0,0.0,0.0
582,27.889412266160047,0.0069997458468616,14.174444612049797,23.0,0.008,0.0,0.0,0.0
583,27.889412266160047,0.0069997458468616,14.174444612049797,23.0,0.008,0.0,0.0,0.0
584,27.889412266160047,0.0069997458468616,14.174444612049797,23.0,0.008,0.0,0.0,0.0
585,27.889412266160047,0.0069997458468616,14.174444612049797,23.0,0.008,0.0,0.0,0.0
586,27.889412266160047,0.0069997458468616,14.174444612049797,23.0,0.008,0.0,0.0,0.0
587,27.889412266160047,0.0069997458468616,14.174444612049797,23.0,0.008,0.0,0.0,0.0
588,27.889412266160047,0.0069997458468616,14.174444612049797,23.0,0.008,0.0,0.0,0.0
589,27.889412266160047,0.0069997458468616,14.174444612049797,23.0,0.008,0.0,0.0,0.0
590,27.889412266160047,0.0069997458468616,14.174444612049797,23.0,0.008,0.0,0.0,0.0
591,27.889412266160047,0.0069997458468616,14.174444612049797,23.0,0.008,0.0,0.0,0.0
592,27.889412266160047,0.0069997458468616,14.174444612049797,23.0,0.008,0.0,0.0,0.0
593,27.889412266160047,0.0069997458468616,14.174444612049797,23.0,0.008,0.0,0.0,0.0
594,27.889412266160047,0.0069997458468616,14.174444612049797,23.0,0.008,0.0,0.0,0.0
595,27.889412266160047,0.0069997458468616,14.174444612049797,23.0,0.008,0.0,0.0,0.0
596,27.889412266160047,0.0069997458468616,14.174444612049797,23.0,0.008,0.0,0.0,0.0
597,27.889412266160047,0.0069997458468616,14.174444612049797,23.0,0.008,0.0,0.0,0.0
598,27.889412266160047,0.0069997458468616,14.174444612049797,23.0,0.008,0.0,0.0,0.0
599,27.889412266160047,0.0069997458468616,14.174444612049797,23.0,0.008,0.0,0.0,0.0
600,27.889412266160047,0.0069997458468616,14.174444612049797,23.0,0.008,0.0,0.0,0.0
601,27.889412266160047,0.0069997458468616,14.174444612049797,23.0,0.008,0.0,0.0,0.0
602,27.889412266160047,0.0069997458468616,14.174444612049797,23.0,0.008,0.0,0.0,0.0
603,27.889412266160047,0.0069997458468616,14.174444612049797,23.0,0.008,0.0,0.0,0.0
604,27.889412266160047,0.0069997458468616,14.174444612049797,23.0,0.008,0.0,0.0,0.0
605,27.889412266160047,0.0069997458468616,14.174444612049797,23.0,0.008,0.0,0.0,0.0
606,27.889412266160047,0.0069997458468616,14.174444612049797,23.0,0.008,0.0,0.0,0.0
607,27.889412266160047,0.0069997458468616,14.174444612049797,23.0,0.008,0.0,0.0,0.0
608,27.889412266160047,0.0069997458468616,14.174444612049797,23.0,0.008,0.0,0.0,0.0
609,27.889412266160047,0.0069997458468616,14.174444612049797,23.0,0.008,0.0,0.0,0.0
610,27.889412266160047,0.0069997458468616,14.174444612049797,23.0,0.008,0.0,0.0,0.0
611,27.889412266160047,0.0069997458468616,14.174444612049797,23.0,0.008,0.0,0.0,0.0
612,27.889412266160047,0.0069997458468616,14.174444612049797,23.0,0.008,0.0,0.0,0.0
613,27.889412266160047,0.0069997458468616,14.174444612049797,23.0,0.008,0.0,0.0,0.0
614,27.889412266160047,0.0069997458468616,14.174444612049797,23.0,0.008,0.0,0.0,0.0
615,27.889412266160047,0.0069997458468616,14.174444612049797,23.0,0.008,0.0,0.0,0.0
616,27.889412266160047,0.0069997458468616,14.174444612049797,23.0,0.008,0.0,0.0,0.0
617,27.889412266160047,0.0069997458468616,14.174444612049797,23.0,0.008,0.0,0.0,0.0
618,27.889412266160047,0.0069997458468616,14.174444612049797,23.0,0.008,0.0,0.0,0.0
619,27.889412266160047,0.0069997458468616,14.174444612049797,23.0,0.008,0.0,0.0,0.0
620,27.889412266160047,0.0069997458468616,14.174444612049797,23.0,0.008,0.0,0.0,0.0
621,27.889412266160047,0.0069997458468616,14.174444612049797,23.0,0.008,0.0,0.0,0.0
622,27.889412266160047,0.0069997458468616,14.174444612049797,23.0,0.008,0.0,0.0,0.0
623,27.889412266160047,0.0069997458468616,14.174444612049797,23.0,0.008,0.0,0.0,0.0
624,27.889412266160047,0.0069997458468616,14.174444612049797,23.0,0.008,0.0,0.0,0.0
625,27.889412266160047,0.0069997458468616,14.174444612049797,23.0,0.008,0.0,0.0,0.0
626,27.889412266160047,0.0069997458468616,14.174444612049797,23.0,0.008,0.0,0.0,0.0
627,27.889412266160047,0.0069997458468616,14.174444612049797,23.0,0.008,0.0,0.0,0.0
628,27.889412266160047,0.0069997458468616,14.174444612049797,23.0,0.008,0.0,0.0,0.0
629,27.889412266160047,0.0069997458468616,14.174444612049797,23.0,0.008,0.0,0.0,0.0
630,27.889412266160047,0.0069997458468616,14.174444612049797,23.0,0.008,0.0,0.0,0.0
631,27.889412266160047,0.0069997458468616,14.174444612049797,23.0,0.008,0.0,0.0,0.0
632,27.889412266160047,0.0069997458468616,14.174444612049797,23.0,0.008,0.0,0.0,0.0
633,27.889412266160047,0.0069997458468616,14.174444612049797,23.0,0.008,0.0,0.0,0.0
634,27.889412266160047,0.0069997458468616,14.174444612049797,23.0,0.008,0.0,0.0,0.0
635,27.889412266160047,0.0069997458468616,14.174444612049797,23.0,0.008,0.0,0.0,0.0
636,27.889412266160047,0.0069997458468616,14.174444612049797,23.0,0.008,0.0,0.0,0.0
637,27.889412266160047,0.0069997458468616,14.174444612049797,23.0,0.008,0.0,0.0,0.0
638,27.889412266160047,0.0069997458468616,14.174444612049797,23.0,0.008,0.0,0.0,0.0
639,27.889412266160047,0.0069997458468616,14.174444612049797,23.0,0.008,0.0,0.0,0.0
640,27.889412266160047,0.0069997458468616,14.174444612049797,23.0,0.008,0.0,0.0,0.0
641,27.889412266160047,0.0069997458468616,14.174444612049797,23.0,0.008,0.0,0.0,0.0
642,27.889412266160047,0.0069997458468616,14.174444612049797,23.0,0.008,0.0,0.0,0.0
643,27.889412266160047,0.0069997458468616,14.174444612049797,23.0,0.008,0.0,0.0,0.0
644,27.889412266160047,0.0069997458468616,14.174444612049797,23.0,0.008,0.0,0.0,0.0
645,27.889412266160047,0.0069997458468616,14.174444612049797,23.0,0.008,0.0,0.0,0.0
646,27.889412266160047,0.0069997458468616,14.174444612049797,23.0,0.008,0.0,0.0,0.0
647,27.889412266160047,0.0069997458468616,14.174444612049797,23.0,0.008,0.0,0.0,0.0
648,27.889412266160047,0.0069997458468616,14.174444612049797,23.0,0.008,0.0,0.0,0.0
649,27.889412266160047,0.0069997458468616,14.174444612049797,23.0,0.008,0.0,0.0,0.0
650,27.889412266160047,0.0069997458468616,14.174444612049797,23.0,0.008,0.0,0.0,0.0
651,27.889412266160047,0.0069997458468616,14.174444612049797,23.0,0.008,0.0,0.0,0.0
652,27.889412266160047,0.0069997458468616,14.174444612049797,23.0,0.008,0.0,0.0,0.0
653,27.889412266160047,0.0069997458468616,14.174444612049797,23.0,0.008,0.0,0.0,0.0
654,27.889412266160047,0.0069997458468616,14.174444612049797,23.0,0.008,0.0,0.0,0.0
655,27.889412266160047,0.0069997458468616,14.174444612049797,23.0,0.008,0.0,0.0,0.0
656,27.889412266160047,0.0069997458468616,14.174444612049797,23.0,0.008,0.0,0.0,0.0
657,27.889412266160047,0.0069997458468616,14.174444612049797,23.0,0.008,0.0,0.0,0.0
658,27.889412266160047,0.0069997458468616,14.174444612049797,23.0,0.008,0.0,0.0,0.0
659,27.889412266160047,0.0069997458468616,14.174444612049797,23.0,0.008,0.0,0.0,0.0
660,27.889412266160047,0.0069997458468616,14.174444612049797,23.0,0.008,0.0,0.0,0.0
661,27.889412266160047,0.0069997458468616,14.174444612049797,23.0,0.008,0.0,0.0,0.0
662,27.889412266160047,0.0069997458468616,14.174444612049797,23.0,0.008,0.0,0.0,0.0
663,27.889412266160047,0.0069997458468616,14.174444612049797,23.0,0.008,0.0,0.0,0.0
664,27.889412266160047,0.0069997458468616,14.174444612049797,23.0,0.008,0.0,0.0,0.0
665,27.889412266160047,0.0069997458468616,14.174444612049797,23.0,0.008,0.0,0.0,0.0
666,27.889412266160047,0.0069997458468616,14.174444612049797,23.0,0.008,0.0,0.0,0.0
667,27.889412266160047,0.0069997458468616,14.174444612049797,23.0,0.008,0.0,0.0,0.0
668,27.889412266160047,0.0069997458468616,14.174444612049797,23.0,0.008,0.0,0.0,0.0
669,27.889412266160047,0.0069997458468616,14.174444612049797,23.0,0.008,0.0,0.0,0.0
670,27.889412266160047,0.0069997458468616,14.174444612049797,23.0,0.008,0.0,0.0,0.0
671,27.889412266160047,0.0069997458468616,14.174444612049797,23.0,0.008,0.0,0.0,0.0
672,27.889412266160047,0.0069997458468616,14.174444612049797,23.0,0.008,0.0,0.0,0.0
673,27.889412266160047,0.0069997458468616,14.174444612049797,23.0,0.008,0.0,0.0,0.0
674,27.889412266160047,0.0069997458468616,14.174444612049797,23.0,0.008,0.0,0.0,0.0
675,27.889412266160047,0.0069997458468616,14.174444612049797,23.0,0.008,0.0,0.0,0.0
676,27.889412266160047,0.0069997458468616,14.174444612049797,23.0,0.008,0.0,0.0,0.0
677,27.889412266160047,0.0069997458468616,14.174444612049797,23.0,0.008,0.0,0.0,0.0
678,27.889412266160047,0.0069997458468616,14.174444612049797,23.0,0.008,0.0,0.0,0.0
679,27.889412266160047,0.0069997458468616,14.174444612049797,23.0,0.008,0.0,0.0,0.0
680,27.889412266160047,0.0069997458468616,14.174444612049797,23.0,0.008,0.0,0.0,0.0
681,27.889412266160047,0.0069997458468616,14.174444612049797,23.0,0.008,0.0,0.0,0.0
682,27.889412266160047,0.0069997458468616,14.174444612049797,23.0,0.008,0.0,0.0,0.0
683,27.889412266160047,0.0069997458468616,14.174444612049797,23.0,0.008,0.0,0.0,0.0
684,27.889412266160047,0.0069997458468616,14.174444612049797,23.0,0.008,0.0,0.0,0.0
685,27.889412266160047,0.0069997458468616,14.174444612049797,23.0,0.008,0.0,0.0,0.0
686,27.889412266160047,0.0069997458468616,14.174444612049797,23.0,0.008,0.0,0.0,0.0
687,27.889412266160047,0.0069997458468616,14.174444612049797,23.0,0.008,0.0,0.0,0.0
688,27.889412266160047,0.0069997458468616,14.174444612049797,23.0,0.008,0.0,0.0,0.0
689,27.889412266160047,0.0069997458468616,14.174444612049797,23.0,0.008,0.0,0.0,0.0
690,27.889412266160047,0.0069997458468616,14.174444612049797,23.0,0.008,0.0,0.0,0.0
691,27.889412266160047,0.0069997458468616,14.174444612049797,23.0,0.008,0.0,0.0,0.0
692,27.889412266160047,0.0069997458468616,14.174444612049797,23.0,0.008,0.0,0.0,0.0
693,27.889412266160047,0.0069997458468616,14.174444612049797,23.0,0.008,0.0,0.0,0.0
694,27.889412266160047,0.0069997458468616,14.174444612049797,23.0,0.008,0.0,0.0,0.0
695,27.889412266160047,0.0069997458468616,14.174444612049797,23.0,0.008,0.0,0.0,0.0
696,27.889412266160047,0.0069997458468616,14.174444612049797,23.0,0.008,0.0,0.0,0.0
697,27.889412266160047,0.0069997458468616,14.174444612049797,23.0,0.008,0.0,0.0,0.0
698,27.889412266160047,0.0069997458468616,14.174444612049797,23.0,0.008,0.0,0.0,0.0
699,27.889412266160047,0.0069997458468616,14.174444612049797,23.0,0.008,0.0,0.0,0.0
700,27.889412266160047,0.0069997458468616,14.174444612049797,23.0,0.008,0.0,0.0,0.0
701,27.889412266160047,0.0069997458468616,14.174444612049797,23.5,0.0085,0.0,0.0,0.0
702,27.889412266160047,0.0069997458468616,14.174444612049797,23.5,0.0085,0.0,0.0,0.0
703,27.889412266160047,0.0069997458468616,14.174444612049797,23.5,0.0085,0.0,0.0,0.0
704,27.889412266160047,0.0069997458468616,14.174444612049797,23.5,0.0085,0.0,0.0,0.0
705,27.889412266160047,0.0069997458468616,14.174444612049797,23.5,0.0085,0.0,0.0,0.0
706,27.889412266160047,0.0069997458468616,14.174444612049797,23.5,0.0085,0.0,0.0,0.0
707,27.889412266160047,0.0069997458468616,14.174444612049797,23.5,0.0085,0.0,0.0,0.0
708,27.889412266160047,0.0069997458468616,14.174444612049797,23.5,0.0085,0.0,0.0,0.0
709,27.889412266160047,0.0069997458468616,14.174444612049797,23.5,0.0085,0.0,0.0,0.0
710,27.889412266160047,0.0069997458468616,14.174444612049797,23.5,0.0085,0.0,0.0,0.0
711,27.889412266160047,0.0069997458468616,14.174444612049797,23.5,0.0085,0.0,0.0,0.0
712,27.889412266160047,0.0069997458468616,14.174444612049797,23.5,0.0085,0.0,0.0,0.0
713,27.889412266160047,0.0069997458468616,14.174444612049797,23.5,0.0085,0.0,0.0,0.0
714,27.889412266160047,0.0069997458468616,14.174444612049797,23.5,0.0085,0.0,0.0,0.0
715,27.889412266160047,0.0069997458468616,14.174444612049797,23.5,0.0085,0.0,0.0,0.0
716,27.889412266160047,0.0069997458468616,14.174444612049797,23.5,0.0085,0.0,0.0,0.0
717,27.889412266160047,0.0069997458468616,14.174444612049797,23.5,0.0085,0.0,0.0,0.0
718,27.889412266160047,0.0069997458468616,14.174444612049797,23.5,0.0085,0.0,0.0,0.0
719,27.889412266160047,0.0069997458468616,14.174444612049797,23.5,0.0085,0.0,0.0,0.0
720,27.889412266160047,0.0069997458468616,14.174444612049797,23.5,0.0085,0.0,0.0,0.0
721,27.889412266160047,0.0069997458468616,14.174444612049797,23.5,0.0085,0.0,0.0,0.0
722,27.889412266160047,0.0069997458468616,14.174444612049797,23.5,0.0085,0.0,0.0,0.0
723,27.889412266160047,0.0069997458468616,14.174444612049797,23.5,0.0085,0.0,0.0,0.0
724,27.889412266160047,0.0069997458468616,14.174444612049797,23.5,0.0085,0.0,0.0,0.0
725,27.889412266160047,0.0069997458468616,14.174444612049797,23.5,0.0085,0.0,0.0,0.0
726,27.889412266160047,0.0069997458468616,14.174444612049797,23.5,0.0085,0.0,0.0,0.0
727,27.889412266160047,0.0069997458468616,14.174444612049797,23.5,0.0085,0.0,0.0,0.0
728,27.889412266160047,0.0069997458468616,14.174444612049797,23.5,0.0085,0.0,0.0,0.0
729,27.889412266160047,0.0069997458468616,14.174444612049797,23.5,0.0085,0.0,0.0,0.0
730,27.889412266160047,0.0069997458468616,14.174444612049797,23.5,0.0085,0.0,0.0,0.0
731,27.889412266160047,0.0069997458468616,14.174444612049797,23.5,0.0085,0.0,0.0,0.0
732,27.889412266160047,0.0069997458468616,14.174444612049797,23.5,0.0085,0.0,0.0,0.0
733,27.889412266160047,0.0069997458468616,14.174444612049797,23.5,0.0085,0.0,0.0,0.0
734,27.889412266160047,0.0069997458468616,14.174444612049797,23.5,0.0085,0.0,0.0,0.0
735,27.889412266160047,0.0069997458468616,14.174444612049797,23.5,0.0085,0.0,0.0,0.0
736,27.889412266160047,0.0069997458468616,14.174444612049797,23.5,0.0085,0.0,0.0,0.0
737,27.889412266160047,0.0069997458468616,14.174444612049797,23.5,0.0085,0.0,0.0,0.0
738,27.889412266160047,0.0069997458468616,14.174444612049797,23.5,0.0085,0.0,0.0,0.0
739,27.889412266160047,0.0069997458468616,14.174444612049797,23.5,0.0085,0.0,0.0,0.0
740,27.889412266160047,0.0069997458468616,14.174444612049797,23.5,0.0085,0.0,0.0,0.0
741,27.889412266160047,0.0069997458468616,14.174444612049797,23.5,0.0085,0.0,0.0,0.0
742,27.889412266160047,0.0069997458468616,14.174444612049797,23.5,0.0085,0.0,0.0,0.0
743,27.889412266160047,0.0069997458468616,14.174444612049797,23.5,0.0085,0.0,0.0,0.0
744,27.889412266160047,0.0069997458468616,14.174444612049797,23.5,0.0085,0.0,0.0,0.0
745,27.889412266160047,0.0069997458468616,14.174444612049797,23.5,0.0085,0.0,0.0,0.0
746,27.889412266160047,0.0069997458468616,14.174444612049797,23.5,0.0085,0.0,0.0,0.0
747,27.889412266160047,0.0069997458468616,14.174444612049797,23.5,0.0085,0.0,0.0,0.0
748,27.889412266160047,0.0069997458468616,14.174444612049797,23.5,0.0085,0.0,0.0,0.0
749,27.889412266160047,0.0069997458468616,14.174444612049797,23.5,0.0085,0.0,0.0,0.0
750,27.889412266160047,0.0069997458468616,14.174444612049797,23.5,0.0085,0.0,0.0,0.0
751,27.889412266160047,0.0069997458468616,14.174444612049797,23.5,0.0085,0.0,0.0,0.0
752,27.889412266160047,0.0069997458468616,14.174444612049797,23.5,0.0085,0.0,0.0,0.0
753,27.889412266160047,0.0069997458468616,14.174444612049797,23.5,0.0085,0.0,0.0,0.0
754,27.889412266160047,0.0069997458468616,14.174444612049797,23.5,0.0085,0.0,0.0,0.0
755,27.889412266160047,0.0069997458468616,14.174444612049797,23.5,0.0085,0.0,0.0,0.0
756,27.889412266160047,0.0069997458468616,14.174444612049797,23.5,0.0085,0.0,0.0,0.0
757,27.889412266160047,0.0069997458468616,14.174444612049797,23.5,0.0085,0.0,0.0,0.0
758,27.889412266160047,0.0069997458468616,14.174444612049797,23.5,0.0085,0.0,0.0,0.0
759,27.889412266160047,0.0069997458468616,14.174444612049797,23.5,0.0085,0.0,0.0,0.0
760,27.889412266160047,0.0069997458468616,14.174444612049797,23.5,0.0085,0.0,0.0,0.0
761,27.889412266160047,0.0069997458468616,14.174444612049797,23.5,0.0085,0.0,0.0,0.0
762,27.889412266160047,0.0069997458468616,14.174444612049797,23.5,0.0085,0.0,0.0,0.0
763,27.889412266160047,0.0069997458468616,14.174444612049797,23.5,0.0085,0.0,0.0,0.0
764,27.889412266160047,0.0069997458468616,14.174444612049797,23.5,0.0085,0.0,0.0,0.0
765,27.889412266160047,0.0069997458468616,14.174444612049797,23.5,0.0085,0.0,0.0,0.0
766,27.889412266160047,0.0069997458468616,14.174444612049797,23.5,0.0085,0.0,0.0,0.0
767,27.889412266160047,0.0069997458468616,14.174444612049797,23.5,0.0085,0.0,0.0,0.0
768,27.889412266160047,0.0069997458468616,14.174444612049797,23.5,0.0085,0.0,0.0,0.0
769,27.889412266160047,0.0069997458468616,14.174444612049797,23.5,0.0085,0.0,0.0,0.0
770,27.889412266160047,0.0069997458468616,14.174444612049797,23.5,0.0085,0.0,0.0,0.0
771,27.889412266160047,0.0069997458468616,14.174444612049797,23.5,0.0085,0.0,0.0,0.0
772,27.889412266160047,0.0069997458468616,14.174444612049797,23.5,0.0085,0.0,0.0,0.0
773,27.889412266160047,0.0069997458468616,14.174444612049797,23.5,0.0085,0.0,0.0,0.0
774,27.889412266160047,0.0069997458468616,14.174444612049797,23.5,0.0085,0.0,0.0,0.0
775,27.889412266160047,0.0069997458468616,14.174444612049797,23.5,0.0085,0.0,0.0,0.0
776,27.889412266160047,0.0069997458468616,14.174444612049797,23.5,0.0085,0.0,0.0,0.0
777,27.889412266160047,0.0069997458468616,14.174444612049797,23.5,0.0085,0.0,0.0,0.0
778,27.889412266160047,0.0069997458468616,14.174444612049797,23.5,0.0085,0.0,0.0,0.0
779,27.889412266160047,0.0069997458468616,14.174444612049797,23.5,0.0085,0.0,0.0,0.0
780,27.889412266160047,0.0069997458468616,14.174444612049797,23.5,0.0085,0.0,0.0,0.0
781,27.889412266160047,0.0069997458468616,14.174444612049797,23.5,0.0085,0.0,0.0,0.0
782,27.889412266160047,0.0069997458468616,14.174444612049797,23.5,0.0085,0.0,0.0,0.0
783,27.889412266160047,0.0069997458468616,14.174444612049797,23.5,0.0085,0.0,0.0,0.0
784,27.889412266160047,0.0069997458468616,14.174444612049797,23.5,0.0085,0.0,0.0,0.0
785,27.889412266160047,0.0069997458468616,14.174444612049797,23.5,0.0085,0.0,0.0,0.0
786,27.889412266160047,0.0069997458468616,14.174444612049797,23.5,0.0085,0.0,0.0,0.0
787,27.889412266160047,0.0069997458468616,14.174444612049797,23.5,0.0085,0.0,0.0,0.0
788,27.889412266160047,0.0069997458468616,14.174444612049797,23.5,0.0085,0.0,0.0,0.0
789,27.889412266160047,0.0069997458468616,14.174444612049797,23.5,0.0085,0.0,0.0,0.0
790,27.889412266160047,0.0069997458468616,14.174444612049797,23.5,0.0085,0.0,0.0,0.0
791,27.889412266160047,0.0069997458468616,14.174444612049797,23.5,0.0085,0.0,0.0,0.0
792,27.889412266160047,0.0069997458468616,14.174444612049797,23.5,0.0085,0.0,0.0,0.0
793,27.889412266160047,0.0069997458468616,14.174444612049797,23.5,0.0085,0.0,0.0,0.0
794,27.889412266160047,0.0069997458468616,14.174444612049797,23.5,0.0085,0.0,0.0,0.0
795,27.889412266160047,0.0069997458468616,14.174444612049797,23.5,0.0085,0.0,0.0,0.0
796,27.889412266160047,0.0069997458468616,14.174444612049797,23.5,0.0085,0.0,0.0,0.0
797,27.889412266160047,0.0069997458468616,14.174444612049797,23.5,0.0085,0.0,0.0,0.0
798,27.889412266160047,0.0069997458468616,14.174444612049797,23.5,0.0085,0.0,0.0,0.0
799,27.889412266160047,0.0069997458468616,14.174444612049797,23.5,0.0085,0.0,0.0,0.0
800,27.889412266160047,0.0069997458468616,14.174444612049797,23.5,0.0085,0.0,0.0,0.0
801,27.889412266160047,0.0069997458468616,14.174444612049797,23.5,0.0085,0.0,0.0,0.0
802,27.889412266160047,0.0069997458468616,14.174444612049797,23.5,0.0085,0.0,0.0,0.0
803,27.889412266160047,0.0069997458468616,14.174444612049797,23.5,0.0085,0.0,0.0,0.0
804,27.889412266160047,0.0069997458468616,14.174444612049797,23.5,0.0085,0.0,0.0,0.0
805,27.889412266160047,0.0069997458468616,14.174444612049797,23.5,0.0085,0.0,0.0,0.0
806,27.889412266160047,0.0069997458468616,14.174444612049797,23.5,0.0085,0.0,0.0,0.0
807,27.889412266160047,0.0069997458468616,14.174444612049797,23.5,0.0085,0.0,0.0,0.0
808,27.889412266160047,0.0069997458468616,14.174444612049797,23.5,0.0085,0.0,0.0,0.0
809,27.889412266160047,0.0069997458468616,14.174444612049797,23.5,0.0085,0.0,0.0,0.0
810,27.889412266160047,0.0069997458468616,14.174444612049797,23.5,0.0085,0.0,0.0,0.0
811,27.889412266160047,0.0069997458468616,14.174444612049797,23.5,0.0085,0.0,0.0,0.0
812,27.889412266160047,0.0069997458468616,14.174444612049797,23.5,0.0085,0.0,0.0,0.0
813,27.889412266160047,0.0069997458468616,14.174444612049797,23.5,0.0085,0.0,0.0,0.0
814,27.889412266160047,0.0069997458468616,14.174444612049797,23.5,0.0085,0.0,0.0,0.0
815,27.889412266160047,0.0069997458468616,14.174444612049797,23.5,0.0085,0.0,0.0,0.0
816,27.889412266160047,0.0069997458468616,14.174444612049797,23.5,0.0085,0.0,0.0,0.0
817,27.889412266160047,0.0069997458468616,14.174444612049797,23.5,0.0085,0.0,0.0,0.0
818,27.889412266160047,0.0069997458468616,14.174444612049797,23.5,0.0085,0.0,0.0,0.0
819,27.889412266160047,0.0069997458468616,14.174444612049797,23.5,0.0085,0.0,0.0,0.0
820,27.889412266160047,0.0069997458468616,14.174444612049797,23.5,0.0085,0.0,0.0,0.0
821,27.889412266160047,0.0069997458468616,14.174444612049797,23.5,0.0085,0.0,0.0,0.0
822,27.889412266160047,0.0069997458468616,14.174444612049797,23.5,0.0085,0.0,0.0,0.0
823,27.889412266160047,0.0069997458468616,14.174444612049797,23.5,0.0085,0.0,0.0,0.0
824,27.889412266160047,0.0069997458468616,14.174444612049797,23.5,0.0085,0.0,0.0,0.0
825,27.889412266160047,0.0069997458468616,14.174444612049797,23.5,0.0085,0.0,0.0,0.0
826,27.889412266160047,0.0069997458468616,14.174444612049797,23.5,0.0085,0.0,0.0,0.0
827,27.889412266160047,0.0069997458468616,14.174444612049797,23.5,0.0085,0.0,0.0,0.0
828,27.889412266160047,0.0069997458468616,14.174444612049797,23.5,0.0085,0.0,0.0,0.0
829,27.889412266160047,0.0069997458468616,14.174444612049797,23.5,0.0085,0.0,0.0,0.0
830,27.889412266160047,0.0069997458468616,14.174444612049797,23.5,0.0085,0.0,0.0,0.0
831,27.889412266160047,0.0069997458468616,14.174444612049797,23.5,0.0085,0.0,0.0,0.0
832,27.889412266160047,0.0069997458468616,14.174444612049797,23.5,0.0085,0.0,0.0,0.0
833,27.889412266160047,0.0069997458468616,14.174444612049797,23.5,0.0085,0.0,0.0,0.0
834,27.889412266160047,0.0069997458468616,14.174444612049797,23.5,0.0085,0.0,0.0,0.0
835,27.889412266160047,0.0069997458468616,14.174444612049797,23.5,0.0085,0.0,0.0,0.0
836,27.889412266160047,0.0069997458468616,14.174444612049797,23.5,0.0085,0.0,0.0,0.0
837,27.889412266160047,0.0069997458468616,14.174444612049797,23.5,0.0085,0.0,0.0,0.0
838,27.889412266160047,0.0069997458468616,14.174444612049797,23.5,0.0085,0.0,0.0,0.0
839,27.889412266160047,0.0069997458468616,14.174444612049797,23.5,0.0085,0.0,0.0,0.0
840,27.889412266160047,0.0069997458468616,14.174444612049797,23.5,0.0085,0.0,0.0,0.0
841,27.889412266160047,0.0069997458468616,14.174444612049797,23.5,0.0085,0.0,0.0,0.0
842,27.889412266160047,0.0069997458468616,14.174444612049797,23.5,0.0085,0.0,0.0,0.0
843,27.889412266160047,0.0069997458468616,14.174444612049797,23.5,0.0085,0.0,0.0,0.0
844,27.889412266160047,0.0069997458468616,14.174444612049797,23.5,0.0085,0.0,0.0,0.0
845,27.889412266160047,0.0069997458468616,14.174444612049797,23.5,0.0085,0.0,0.0,0.0
846,27.889412266160047,0.0069997458468616,14.174444612049797,23.5,0.0085,0.0,0.0,0.0
847,27.889412266160047,0.0069997458468616,14.174444612049797,23.5,0.0085,0.0,0.0,0.0
848,27.889412266160047,0.0069997458468616,14.174444612049797,23.5,0.0085,0.0,0.0,0.0
849,27.889412266160047,0.0069997458468616,14.174444612049797,23.5,0.0085,0.0,0.0,0.0
850,27.889412266160047,0.0069997458468616,14.174444612049797,23.5,0.0085,0.0,0.0,0.0
851,27.889412266160047,0.0069997458468616,14.174444612049797,23.5,0.0085,0.0,0.0,0.0
852,27.889412266160047,0.0069997458468616,14.174444612049797,23.5,0.0085,0.0,0.0,0.0
853,27.889412266160047,0.0069997458468616,14.174444612049797,23.5,0.0085,0.0,0.0,0.0
854,27.889412266160047,0.0069997458468616,14.174444612049797,23.5,0.0085,0.0,0.0,0.0
855,27.889412266160047,0.0069997458468616,14.174444612049797,23.5,0.0085,0.0,0.0,0.0
856,27.889412266160047,0.0069997458468616,14.174444612049797,23.5,0.0085,0.0,0.0,0.0
857,27.889412266160047,0.0069997458468616,14.174444612049797,23.5,0.0085,0.0,0.0,0.0
858,27.889412266160047,0.0069997458468616,14.174444612049797,23.5,0.0085,0.0,0.0,0.0
859,27.889412266160047,0.0069997458468616,14.174444612049797,23.5,0.0085,0.0,0.0,0.0
860,27.889412266160047,0.0069997458468616,14.174444612049797,23.5,0.0085,0.0,0.0,0.0
861,27.889412266160047,0.0069997458468616,14.174444612049797,23.5,0.0085,0.0,0.0,0.0
862,27.889412266160047,0.0069997458468616,14.174444612049797,23.5,0.0085,0.0,0.0,0.0
863,27.889412266160047,0.0069997458468616,14.174444612049797,23.5,0.0085,0.0,0.0,0.0
864,27.889412266160047,0.0069997458468616,14.174444612049797,23.5,0.0085,0.0,0.0,0.0
865,27.889412266160047,0.0069997458468616,14.174444612049797,23.5,0.0085,0.0,0.0,0.0
866,27.889412266160047,0.0069997458468616,14.174444612049797,23.5,0.0085,0.0,0.0,0.0
867,27.889412266160047,0.0069997458468616,14.174444612049797,23.5,0.0085,0.0,0.0,0.0
868,27.889412266160047,0.0069997458468616,14.174444612049797,23.5,0.0085,0.0,0.0,0.0
869,27.889412266160047,0.0069997458468616,14.174444612049797,23.5,0.0085,0.0,0.0,0.0
870,27.889412266160047,0.0069997458468616,14.174444612049797,23.5,0.0085,0.0,0.0,0.0
871,27.889412266160047,0.0069997458468616,14.174444612049797,23.5,0.0085,0.0,0.0,0.0
872,27.889412266160047,0.0069997458468616,14.174444612049797,23.5,0.0085,0.0,0.0,0.0
873,27.889412266160047,0.0069997458468616,14.174444612049797,23.5,0.0085,0.0,0.0,0.0
874,27.889412266160047,0.0069997458468616,14.174444612049797,23.5,0.0085,0.0,0.0,0.0
875,27.889412266160047,0.0069997458468616,14.174444612049797,23.5,0.0085,0.0,0.0,0.0
876,27.889412266160047,0.0069997458468616,14.174444612049797,23.5,0.0085,0.0,0.0,0.0
877,27.889412266160047,0.0069997458468616,14.174444612049797,23.5,0.0085,0.0,0.0,0.0
878,27.889412266160047,0.0069997458468616,14.174444612049797,23.5,0.0085,0.0,0.0,0.0
879,27.889412266160047,0.0069997458468616,14.174444612049797,23.5,0.0085,0.0,0.0,0.0
880,27.889412266160047,0.0069997458468616,14.174444612049797,23.5,0.0085,0.0,0.0,0.0
881,27.889412266160047,0.0069997458468616,14.174444612049797,23.5,0.0085,0.0,0.0,0.0
882,27.889412266160047,0.0069997458468616,14.174444612049797,23.5,0.0085,0.0,0.0,0.0
883,27.889412266160047,0.0069997458468616,14.174444612049797,23.5,0.0085,0.0,0.0,0.0
884,27.889412266160047,0.0069997458468616,14.174444612049797,23.5,0.0085,0.0,0.0,0.0
885,27.889412266160047,0.0069997458468616,14.174444612049797,23.5,0.0085,0.0,0.0,0.0
886,27.889412266160047,0.0069997458468616,14.174444612049797,23.5,0.0085,0.0,0.0,0.0
887,27.889412266160047,0.0069997458468616,14.174444612049797,23.5,0.0085,0.0,0.0,0.0
888,27.889412266160047,0.0069997458468616,14.174444612049797,23.5,0.0085,0.0,0.0,0.0
889,27.889412266160047,0.0069997458468616,14.174444612049797,23.5,0.0085,0.0,0.0,0.0
890,27.889412266160047,0.0069997458468616,14.174444612049797,23.5,0.0085,0.0,0.0,0.0
891,27.889412266160047,0.0069997458468616,14.174444612049797,23.5,0.0085,0.0,0.0,0.0
892,27.889412266160047,0.0069997458468616,14.174444612049797,23.5,0.0085,0.0,0.0,0.0
893,27.889412266160047,0.0069997458468616,14.174444612049797,23.5,0.0085,0.0,0.0,0.0
894,27.889412266160047,0.0069997458468616,14.174444612049797,23.5,0.0085,0.0,0.0,0.0
895,27.889412266160047,0.0069997458468616,14.174444612049797,23.5,0.0085,0.0,0.0,0.0
896,27.889412266160047,0.0069997458468616,14.174444612049797,23.5,0.0085,0.0,0.0,0.0
897,27.889412266160047,0.0069997458468616,14.174444612049797,23.5,0.0085,0.0,0.0,0.0
898,27.889412266160047,0.0069997458468616,14.174444612049797,23.5,0.0085,0.0,0.0,0.0
899,27.889412266160047,0.0069997458468616,14.174444612049797,23.5,0.0085,0.0,0.0,0.0
900,27.889412266160047,0.0069997458468616,14.174444612049797,23.5,0.0085,0.0,0.0,0.0
901,27.889412266160047,0.0069997458468616,14.174444612049797,24.0,0.009,0.0,0.0,0.0
902,27.889412266160047,0.0069997458468616,14.174444612049797,24.0,0.009,0.0,0.0,0.0
903,27.889412266160047,0.0069997458468616,14.174444612049797,24.0,0.009,0.0,0.0,0.0
904,27.889412266160047,0.0069997458468616,14.174444612049797,24.0,0.009,0.0,0.0,0.0
905,27.889412266160047,0.0069997458468616,14.174444612049797,24.0,0.009,0.0,0.0,0.0
906,27.889412266160047,0.0069997458468616,14.174444612049797,24.0,0.009,0.0,0.0,0.0
907,27.889412266160047,0.0069997458468616,14.174444612049797,24.0,0.009,0.0,0.0,0.0
908,27.889412266160047,0.0069997458468616,14.174444612049797,24.0,0.009,0.0,0.0,0.0
909,27.889412266160047,0.0069997458468616,14.174444612049797,24.0,0.009,0.0,0.0,0.0
910,27.889412266160047,0.0069997458468616,14.174444612049797,24.0,0.009,0.0,0.0,0.0
911,27.889412266160047,0.0069997458468616,14.174444612049797,24.0,0.009,0.0,0.0,0.0
912,27.889412266160047,0.0069997458468616,14.174444612049797,24.0,0.009,0.0,0.0,0.0
913,27.889412266160047,0.0069997458468616,14.174444612049797,24.0,0.009,0.0,0.0,0.0
914,27.889412266160047,0.0069997458468616,14.174444612049797,24.0,0.009,0.0,0.0,0.0
915,27.889412266160047,0.0069997458468616,14.174444612049797,24.0,0.009,0.0,0.0,0.0
916,27.889412266160047,0.0069997458468616,14.174444612049797,24.0,0.009,0.0,0.0,0.0
917,27.889412266160047,0.0069997458468616,14.174444612049797,24.0,0.009,0.0,0.0,0.0
918,27.889412266160047,0.0069997458468616,14.174444612049797,24.0,0.009,0.0,0.0,0.0
919,27.889412266160047,0.0069997458468616,14.174444612049797,24.0,0.009,0.0,0.0,0.0
920,27.889412266160047,0.0069997458468616,14.174444612049797,24.0,0.009,0.0,0.0,0.0
921,27.889412266160047,0.0069997458468616,14.174444612049797,24.0,0.009,0.0,0.0,0.0
922,27.889412266160047,0.0069997458468616,14.174444612049797,24.0,0.009,0.0,0.0,0.0
923,27.889412266160047,0.0069997458468616,14.174444612049797,24.0,0.009,0.0,0.0,0.0
924,27.889412266160047,0.0069997458468616,14.174444612049797,24.0,0.009,0.0,0.0,0.0
925,27.889412266160047,0.0069997458468616,14.174444612049797,24.0,0.009,0.0,0.0,0.0
926,27.889412266160047,0.0069997458468616,14.174444612049797,24.0,0.009,0.0,0.0,0.0
927,27.889412266160047,0.0069997458468616,14.174444612049797,24.0,0.009,0.0,0.0,0.0
928,27.889412266160047,0.0069997458468616,14.174444612049797,24.0,0.009,0.0,0.0,0.0
929,27.889412266160047,0.0069997458468616,14.174444612049797,24.0,0.009,0.0,0.0,0.0
930,27.889412266160047,0.0069997458468616,14.174444612049797,24.0,0.009,0.0,0.0,0.0
931,27.889412266160047,0.0069997458468616,14.174444612049797,24.0,0.009,0.0,0.0,0.0
932,27.889412266160047,0.0069997458468616,14.174444612049797,24.0,0.009,0.0,0.0,0.0
933,27.889412266160047,0.0069997458468616,14.174444612049797,24.0,0.009,0.0,0.0,0.0
934,27.889412266160047,0.0069997458468616,14.174444612049797,24.0,0.009,0.0,0.0,0.0
935,27.889412266160047,0.0069997458468616,14.174444612049797,24.0,0.009,0.0,0.0,0.0
936,27.889412266160047,0.0069997458468616,14.174444612049797,24.0,0.009,0.0,0.0,0.0
937,27.889412266160047,0.0069997458468616,14.174444612049797,24.0,0.009,0.0,0.0,0.0
938,27.889412266160047,0.0069997458468616,14.174444612049797,24.0,0.009,0.0,0.0,0.0
939,27.889412266160047,0.0069997458468616,14.174444612049797,24.0,0.009,0.0,0.0,0.0
940,27.889412266160047,0.0069997458468616,14.174444612049797,24.0,0.009,0.0,0.0,0.0
941,27.889412266160047,0.0069997458468616,14.174444612049797,24.0,0.009,0.0,0.0,0.0
942,27.889412266160047,0.0069997458468616,14.174444612049797,24.0,0.009,0.0,0.0,0.0
943,27.889412266160047,0.0069997458468616,14.174444612049797,24.0,0.009,0.0,0.0,0.0
944,27.889412266160047,0.0069997458468616,14.174444612049797,24.0,0.009,0.0,0.0,0.0
945,27.889412266160047,0.0069997458468616,14.174444612049797,24.0,0.009,0.0,0.0,0.0
946,27.889412266160047,0.0069997458468616,14.174444612049797,24.0,0.009,0.0,0.0,0.0
947,27.889412266160047,0.0069997458468616,14.174444612049797,24.0,0.009,0.0,0.0,0.0
948,27.889412266160047,0.0069997458468616,14.174444612049797,24.0,0.009,0.0,0.0,0.0
949,27.889412266160047,0.0069997458468616,14.174444612049797,24.0,0.009,0.0,0.0,0.0
950,27.889412266160047,0.0069997458468616,14.174444612049797,24.0,0.009,0.0,0.0,0.0
951,27.889412266160047,0.0069997458468616,14.174444612049797,24.0,0.009,0.0,0.0,0.0
952,27.889412266160047,0.0069997458468616,14.174444612049797,24.0,0.009,0.0,0.0,0.0
953,27.889412266160047,0.0069997458468616,14.174444612049797,24.0,0.009,0.0,0.0,0.0
954,27.889412266160047,0.0069997458468616,14.174444612049797,24.0,0.009,0.0,0.0,0.0
955,27.889412266160047,0.0069997458468616,14.174444612049797,24.0,0.009,0.0,0.0,0.0
956,27.889412266160047,0.0069997458468616,14.174444612049797,24.0,0.009,0.0,0.0,0.0
957,27.889412266160047,0.0069997458468616,14.174444612049797,24.0,0.009,0.0,0.0,0.0
958,27.889412266160047,0.0069997458468616,14.174444612049797,24.0,0.009,0.0,0.0,0.0
959,27.889412266160047,0.0069997458468616,14.174444612049797,24.0,0.009,0.0,0.0,0.0
960,27.889412266160047,0.0069997458468616,14.174444612049797,24.0,0.009,0.0,0.0,0.0
961,27.889412266160047,0.0069997458468616,14.174444612049797,24.0,0.009,0.0,0.0,0.0
962,27.889412266160047,0.0069997458468616,14.174444612049797,24.0,0.009,0.0,0.0,0.0
963,27.889412266160047,0.0069997458468616,14.174444612049797,24.0,0.009,0.0,0.0,0.0
964,27.889412266160047,0.0069997458468616,14.174444612049797,24.0,0.009,0.0,0.0,0.0
965,27.889412266160047,0.0069997458468616,14.174444612049797,24.0,0.009,0.0,0.0,0.0
966,27.889412266160047,0.0069997458468616,14.174444612049797,24.0,0.009,0.0,0.0,0.0
967,27.889412266160047,0.0069997458468616,14.174444612049797,24.0,0.009,0.0,0.0,0.0
968,27.889412266160047,0.0069997458468616,14.174444612049797,24.0,0.009,0.0,0.0,0.0
969,27.889412266160047,0.0069997458468616,14.174444612049797,24.0,0.009,0.0,0.0,0.0
970,27.889412266160047,0.0069997458468616,14.174444612049797,24.0,0.009,0.0,0.0,0.0
971,27.889412266160047,0.0069997458468616,14.174444612049797,24.0,0.009,0.0,0.0,0.0
972,27.889412266160047,0.0069997458468616,14.174444612049797,24.0,0.009,0.0,0.0,0.0
973,27.889412266160047,0.0069997458468616,14.174444612049797,24.0,0.009,0.0,0.0,0.0
974,27.889412266160047,0.0069997458468616,14.174444612049797,24.0,0.009,0.0,0.0,0.0
975,27.889412266160047,0.0069997458468616,14.174444612049797,24.0,0.009,0.0,0.0,0.0
976,27.889412266160047,0.0069997458468616,14.174444612049797,24.0,0.009,0.0,0.0,0.0
977,27.889412266160047,0.0069997458468616,14.174444612049797,24.0,0.009,0.0,0.0,0.0
978,27.889412266160047,0.0069997458468616,14.174444612049797,24.0,0.009,0.0,0.0,0.0
979,27.889412266160047,0.0069997458468616,14.174444612049797,24.0,0.009,0.0,0.0,0.0
980,27.889412266160047,0.0069997458468616,14.174444612049797,24.0,0.009,0.0,0.0,0.0
981,27.889412266160047,0.0069997458468616,14.174444612049797,24.0,0.009,0.0,0.0,0.0
982,27.889412266160047,0.0069997458468616,14.174444612049797,24.0,0.009,0.0,0.0,0.0
983,27.889412266160047,0.0069997458468616,14.174444612049797,24.0,0.009,0.0,0.0,0.0
984,27.889412266160047,0.0069997458468616,14.174444612049797,24.0,0.009,0.0,0.0,0.0
985,27.889412266160047,0.0069997458468616,14.174444612049797,24.0,0.009,0.0,0.0,0.0
986,27.889412266160047,0.0069997458468616,14.174444612049797,24.0,0.009,0.0,0.0,0.0
987,27.889412266160047,0.0069997458468616,14.174444612049797,24.0,0.009,0.0,0.0,0.0
988,27.889412266160047,0.0069997458468616,14.174444612049797,24.0,0.009,0.0,0.0,0.0
989,27.889412266160047,0.0069997458468616,14.174444612049797,24.0,0.009,0.0,0.0,0.0
990,27.889412266160047,0.0069997458468616,14.174444612049797,24.0,0.009,0.0,0.0,0.0
991,27.889412266160047,0.0069997458468616,14.174444612049797,24.0,0.009,0.0,0.0,0.0
992,27.889412266160047,0.0069997458468616,14.174444612049797,24.0,0.009,0.0,0.0,0.0
993,27.889412266160047,0.0069997458468616,14.174444612049797,24.0,0.009,0.0,0.0,0.0
994,27.889412266160047,0.0069997458468616,14.174444612049797,24.0,0.009,0.0,0.0,0.0
995,27.889412266160047,0.0069997458468616,14.174444612049797,24.0,0.009,0.0,0.0,0.0
996,27.889412266160047,0.0069997458468616,14.174444612049797,24.0,0.009,0.0,0.0,0.0
997,27.889412266160047,0.0069997458468616,14.174444612049797,24.0,0.009,0.0,0.0,0.0
998,27.889412266160047,0.0069997458468616,14.174444612049797,24.0,0.009,0.0,0.0,0.0
999,27.889412266160047,0.0069997458468616,14.174444612049797,24.0,0.009,0.0,0.0,0.0
